,,,,,,,,,,,,,,,,,,,,,,1,2,3,4,5,6,7,8,9,10,11,12,13,14,15,16,17,18,19,20,21,22,23,24,25,26,27,28,29,30,31,32,33,34,35,36,37,38,39,40,41,42,43,44,45,46,47,48,49,50,51,52,53,54,55,56,57,58,59,60,61,62,63,64,65,66,67,68,69,70,71,72,73,74,75,76,77,78,79,80,81,,,,,,,,,,,,,,,,,,,,,,,,,,,,
,,,,,,,,,,,,,,,,,,,,,,ZDC,ZEC,ZHP,ZFC,ZIN,ZIS,ZSO,ZME,ZMC,ZDC,ZEC,ZHP,ZFC,ZIN,ZIS,ZSO,ZME,ZMC,ZDC,ZEC,ZHP,ZFC,ZIN,ZIS,ZSO,ZME,ZMC,ZDC,ZEC,ZHP,ZFC,ZIN,ZIS,ZSO,ZME,ZMC,ZDC,ZEC,ZHP,ZFC,ZIN,ZIS,ZSO,ZME,ZMC,ZDC,ZEC,ZHP,ZFC,ZIN,ZIS,ZSO,ZME,ZMC,ZDC,ZEC,ZHP,ZFC,ZIN,ZIS,ZSO,ZME,ZMC,ZDC,ZEC,ZHP,ZFC,ZIN,ZIS,ZSO,ZME,ZMC,ZDC,ZEC,ZHP,ZFC,ZIN,ZIS,ZSO,ZME,ZMC,,,,,,,,,,,,,,,,,,,,,,,,,,,,
,A) Masculino B) Femenino,1) Edad,2) Municipio ,3) Estado donde naciste,4) Escolaridad,5) Ocupación,6) Matrimonio civil,7) ¿Cuántos años de casados?,8) Matrimonio Religioso,9) ¿Cuántos hijos tiene?,10) ¿Has recibido terapia de pareja?,11) ¿Antes de casrte existían problemas por el cuál hoy están en crisis?,12) ¿Has pensado en separarte o divorciarte?,13) ¿Actualmente quieres divorciarte?,14) Escribe la razón de la separación o divorcio,15) ¿Estás abierto/a a recibir una terapia breve (psicológica) antes de tomar una decisión?,16) ¿Hay presencia de violencia?,17) ¿Qué tipo de violencia?,18) ¿Hay algún tipo de adicción en tu pareja?,19) ¿Cuál tipo de adicción? ,20) ¿Hay algo que es necesario saber respecto algún tratamiento psiquiátrico o estado de salud física o algo importante respecto a tu matrimonio? (Responde abajo),21) Tenemos desacuerdos al corregir a nuestros hijos(as).,22) Me incomoda la forma cómo administra el dinero.,23) Discutimos porque se excede en las bebidas alcohólicas.,24) Su familia se entromete en nuestras decisiones,25) Tenemos desacuerdos en nuestros pasatiempos o intereses,26) Me resulta difícil decirle “te amo”.,27) Me desagrada su comportamiento en las reuniones con amigo/as.,28) Tenemos desacuerdos en nuestras metas a largo plazo.,29) Pienso que en cualquier momento nuestra relación se termina.,30) Tenemos dificultades para compartir las responsabilidades del hogar.,31) Hace compras y gastos innecesarios.,"32) He perdido amigos/as, o compañeros/as, para evitar que se moleste.",33) La intervención de su familia agravan nuestros problemas.,34) Me disgusta que dedique mucho tiempo a sus aficiones.,35) Invento excusas para evitarlo/a sexualmente.,36) Me irrita que se deje influenciar por los/las amigos/as que tiene.,37) Discutimos con frecuencia al tomar decisiones sobre nuestro futuro.,"38) Suele rebuscar mis cosas (celular, bolsillos, u otros).",39) Es desconsiderado/a conmigo en las tareas domésticos.,"40) Quiere administrar mi dinero, y por eso discutimos.",41) Me disgusta sus malos hábitos de higiene,42) Tenemos desacuerdos por visitar a nuestras familias.,43) Peleamos porque nuestros intereses y aficiones son diferentes.,"44) Alguna vez me he sentido obligado a tener intimidad, solo para complacerlo/a","45) Me disgusto que vaya solo/a, a algún lugar.",46) Suele contradecirme al decidir sobre los estudios de nuestros hijos/as.,47) Me irrita pensar que coquetee con otras personas.,48) Me incomoda la forma cómo corrige a nuestro/s hijo/s,"49) Gasta el dinero en banalidades, sin priorizar las del hogar.",50) Me desespera que sea muy “hablador/a”.,"51) Su familia interviene en nuestra relación, sin que se les pida.","52) Suele eludir o evita salir a la calle o de paseo, como pareja.","53) Me siento insatisfecho/a sexualmente, con mi pareja.",54) Me incomoda la manera cómo se comporta con mis amistades,55) Difícilmente compartimos nuestros planes a futuro,56) Me molesta que sea muy inseguro/a en nuestra relación de pareja.,57) Mi/s hijo/s desobedece/n porque él/la lo/a consiente,58) Nuestros desacuerdos son frecuentes por el tema económico,59) Me fastidia que no me preste atención cuando le hablo.,60) Me incomoda visitar a la familia de mi pareja.,61) Le dedica más tiempo a sus hobbies que a mí.,"62) Finge tener orgasmo, sólo por complacerme.",63) Prefiere más los consejos de los amigos/as que los míos.,"64) Visualizamos nuestro futuro como pareja, de manera muy diferente",65) Me “asfixia” que intente controlarme en todo.,66) Le cuesta involucrarse con las tareas escolares de nuestro/s hijos/as,67) Tenemos desacuerdos en la utilización de nuestros ahorros.,68) Me irrita las malas costumbres que tiene a la hora de los alimentos.,"69) Me incomoda que pase más tiempo con su familia, que en casa.",70) Discutimos para compartir en actividades que a mí me agradan.,71) Discutimos antes o después de nuestra intimidad.,"72) Me incomoda que salga a divertirse con sus amigos/as, sin avisarme.","73) Es muy atento con otros/as, pero desconsiderado/a conmigo.","74) Prefiero hacer sólo/a las tareas domésticas, con tal de no discutir.",75) No prioriza los gastos del hogar.,76) Me molesta que sea tan desordenado/a.,77) A sus padres les gusta intervenir cuando discutimos.,78) Prefiero pasar más ratos libres con amigos que con él/ella.,79) Me evade cuando deseo estar con él/ella íntimamente.,80) Me divertía mejor cuando estaba soltero(a).,81) Veo que mi pareja no tiene claro sus metas a futuro.,82) Es difícil creerle en todo lo que me dice,83) Inventa pretextos para no colaborar con las tareas del hogar.,84) Discutimos por no administrar bien el dinero.,85) Me preocupa que mis hijos aprendan sus malos hábitos y costumbres.,86) Su familia es indiferente con nosotros.,87) Siento que le incomoda pasar tiempos juntos.,"88) Durante nuestra intimidad, se muestra frío y no me expresa afecto.",89) Me incomoda salir con mi pareja a eventos sociales,"90) Me hace sentir que soy un obstáculo, para que logre sus metas.",91) Siento que no es sincero/a en nuestra relación de pareja.,92) Discutimos para ayudar a los niños/as en sus tareas escolares,93) Distribuimos mal el dinero en nuestro hogar.,94) Tiene hábitos y costumbres que me desagradan.,95) Es difícil mantener una relación cordial con sus parientes.,96) Tenemos diferencias para adquirir propiedades u otros bienes.,97) Me molesta lo que hace en sus ratos libres.,98) Busco la manera de alejarme o evitar tener intimidad con él/ella.,"99) Cuando estamos con mis amigos/as, lo siento incómodo/a.",100) Lo percibo conformista e indiferente en relación a nuestro futuro.,101) Tengo dificultad para hablarle sobre mis temores,ZDC,ZEC,ZHP,ZFC,ZIN,ZIS,ZSO,ZME,ZMC,PG,"PC
ZDC","PC
ZEC","PC
ZHP","PC
ZFC","PC
ZIN","PC
ZIS","PC
ZSO","PC
ZME","PC
ZMC","EAT
ZDC","EAT
ZEC","EAT
ZHP","EAT
ZFC","EAT
ZIN","EAT
ZIS","EAT
ZSO","EAT
ZME","EAT
ZMC"
,,,,,"1. Primaria incompleta
2. Primaria
3. Secundaria incompleta
4. Secundaria
5. Preparatoria
6. Preparatoria incompleta
7. Carrera técnica
8. Licenciatura
9. Licenciatura incompleta
10. Maestría
11. Maestría incompleta
12. Doctorado","1. Hogar
2. Empleado
3. Comerciante
4. Profesionista
5. Otros","0 No
1 Sí",,"0 No
1 Sí",,"0 No
1 Sí","0 No
1 Sí","0 No
1 Sí","0 No
1 Sí",,"0 No
1 Sí","0 No
1 Sí","1. Física
2. Verbal
3. Emocional
4. Física y verbal
5. Física y emocional
6. Física, verbal y emocional
7. Verbal y emocional","0 No
1 Sí","1. Alcohol
2. Drogas
3. Juego
4. Pornografía/sexual
5. Otro o varias de las anteriores",,"1. Nunca
2. Casi nunca
3. Casi siempre
4. Siempre","1. Nunca
2. Casi nunca
3. Casi siempre
4. Siempre","1. Nunca
2. Casi nunca
3. Casi siempre
4. Siempre","1. Nunca
2. Casi nunca
3. Casi siempre
4. Siempre","1. Nunca
2. Casi nunca
3. Casi siempre
4. Siempre","1. Nunca
2. Casi nunca
3. Casi siempre
4. Siempre","1. Nunca
2. Casi nunca
3. Casi siempre
4. Siempre","1. Nunca
2. Casi nunca
3. Casi siempre
4. Siempre","1. Nunca
2. Casi nunca
3. Casi siempre
4. Siempre","1. Nunca
2. Casi nunca
3. Casi siempre
4. Siempre","1. Nunca
2. Casi nunca
3. Casi siempre
4. Siempre","1. Nunca
2. Casi nunca
3. Casi siempre
4. Siempre","1. Nunca
2. Casi nunca
3. Casi siempre
4. Siempre","1. Nunca
2. Casi nunca
3. Casi siempre
4. Siempre","1. Nunca
2. Casi nunca
3. Casi siempre
4. Siempre","1. Nunca
2. Casi nunca
3. Casi siempre
4. Siempre","1. Nunca
2. Casi nunca
3. Casi siempre
4. Siempre","1. Nunca
2. Casi nunca
3. Casi siempre
4. Siempre","1. Nunca
2. Casi nunca
3. Casi siempre
4. Siempre","1. Nunca
2. Casi nunca
3. Casi siempre
4. Siempre","1. Nunca
2. Casi nunca
3. Casi siempre
4. Siempre","1. Nunca
2. Casi nunca
3. Casi siempre
4. Siempre","1. Nunca
2. Casi nunca
3. Casi siempre
4. Siempre","1. Nunca
2. Casi nunca
3. Casi siempre
4. Siempre","1. Nunca
2. Casi nunca
3. Casi siempre
4. Siempre","1. Nunca
2. Casi nunca
3. Casi siempre
4. Siempre","1. Nunca
2. Casi nunca
3. Casi siempre
4. Siempre","1. Nunca
2. Casi nunca
3. Casi siempre
4. Siempre","1. Nunca
2. Casi nunca
3. Casi siempre
4. Siempre","1. Nunca
2. Casi nunca
3. Casi siempre
4. Siempre","1. Nunca
2. Casi nunca
3. Casi siempre
4. Siempre","1. Nunca
2. Casi nunca
3. Casi siempre
4. Siempre","1. Nunca
2. Casi nunca
3. Casi siempre
4. Siempre","1. Nunca
2. Casi nunca
3. Casi siempre
4. Siempre","1. Nunca
2. Casi nunca
3. Casi siempre
4. Siempre","1. Nunca
2. Casi nunca
3. Casi siempre
4. Siempre","1. Nunca
2. Casi nunca
3. Casi siempre
4. Siempre","1. Nunca
2. Casi nunca
3. Casi siempre
4. Siempre","1. Nunca
2. Casi nunca
3. Casi siempre
4. Siempre","1. Nunca
2. Casi nunca
3. Casi siempre
4. Siempre","1. Nunca
2. Casi nunca
3. Casi siempre
4. Siempre","1. Nunca
2. Casi nunca
3. Casi siempre
4. Siempre","1. Nunca
2. Casi nunca
3. Casi siempre
4. Siempre","1. Nunca
2. Casi nunca
3. Casi siempre
4. Siempre","1. Nunca
2. Casi nunca
3. Casi siempre
4. Siempre","1. Nunca
2. Casi nunca
3. Casi siempre
4. Siempre","1. Nunca
2. Casi nunca
3. Casi siempre
4. Siempre","1. Nunca
2. Casi nunca
3. Casi siempre
4. Siempre","1. Nunca
2. Casi nunca
3. Casi siempre
4. Siempre","1. Nunca
2. Casi nunca
3. Casi siempre
4. Siempre","1. Nunca
2. Casi nunca
3. Casi siempre
4. Siempre","1. Nunca
2. Casi nunca
3. Casi siempre
4. Siempre","1. Nunca
2. Casi nunca
3. Casi siempre
4. Siempre","1. Nunca
2. Casi nunca
3. Casi siempre
4. Siempre","1. Nunca
2. Casi nunca
3. Casi siempre
4. Siempre","1. Nunca
2. Casi nunca
3. Casi siempre
4. Siempre","1. Nunca
2. Casi nunca
3. Casi siempre
4. Siempre","1. Nunca
2. Casi nunca
3. Casi siempre
4. Siempre","1. Nunca
2. Casi nunca
3. Casi siempre
4. Siempre","1. Nunca
2. Casi nunca
3. Casi siempre
4. Siempre","1. Nunca
2. Casi nunca
3. Casi siempre
4. Siempre","1. Nunca
2. Casi nunca
3. Casi siempre
4. Siempre","1. Nunca
2. Casi nunca
3. Casi siempre
4. Siempre","1. Nunca
2. Casi nunca
3. Casi siempre
4. Siempre","1. Nunca
2. Casi nunca
3. Casi siempre
4. Siempre","1. Nunca
2. Casi nunca
3. Casi siempre
4. Siempre","1. Nunca
2. Casi nunca
3. Casi siempre
4. Siempre","1. Nunca
2. Casi nunca
3. Casi siempre
4. Siempre","1. Nunca
2. Casi nunca
3. Casi siempre
4. Siempre","1. Nunca
2. Casi nunca
3. Casi siempre
4. Siempre","1. Nunca
2. Casi nunca
3. Casi siempre
4. Siempre","1. Nunca
2. Casi nunca
3. Casi siempre
4. Siempre","1. Nunca
2. Casi nunca
3. Casi siempre
4. Siempre","1. Nunca
2. Casi nunca
3. Casi siempre
4. Siempre","1. Nunca
2. Casi nunca
3. Casi siempre
4. Siempre","1. Nunca
2. Casi nunca
3. Casi siempre
4. Siempre","1. Nunca
2. Casi nunca
3. Casi siempre
4. Siempre","1. Nunca
2. Casi nunca
3. Casi siempre
4. Siempre","1. Nunca
2. Casi nunca
3. Casi siempre
4. Siempre","1. Nunca
2. Casi nunca
3. Casi siempre
4. Siempre","1. Nunca
2. Casi nunca
3. Casi siempre
4. Siempre",PUNTAJE DIRECTO DE ZONAS DE CONFLICTO (MÁXIMO 36 - MÍNIMO 9),,,,,,,,,,PERCENTILES DE LA PERCEPCIÓN DE CONFLICTOS DE PAREJA,,,,,,,,,ENEATIPOS (PERFILES) PCP,,,,,,,,
1,A,37,Guadalajara,Guanajuato,8,3,1,10,1,2,0,0,1,0,"Ella dice que es Economía, siento que podemos resolverlo pero no quiere escuchar.",1,0,0,0,0,No hay nada. Presiento que tiene a otro y por eso se quiere separar. ,4,2,2,3,4,4,4,3,3,4,3,4,2,3,2,3,3,3,4,3,3,4,3,3,4,3,4,4,3,3,3,3,3,2,3,3,4,2,2,2,4,2,2,4,2,4,2,2,2,2,3,2,2,2,3,4,3,3,3,2,2,2,4,3,2,3,3,3,4,4,4,3,3,4,3,2,3,3,3,4,4,33,25,25,24,28,26,26,28,28,243,92,69,69,67,78,72,72,78,78,9,7,7,7,8,7,7,8,8
2,A,29,Guadalajara ,Jalisco,6,1,1,10,1,2,0,0,1,0,No tengo motivo para separarme ni divorciarme,1,0,0,0,0,No,2,1,1,1,2,1,1,1,1,2,1,1,1,1,1,1,1,2,2,1,1,2,1,1,2,1,2,2,1,1,1,1,4,1,1,1,2,1,2,2,1,1,1,1,2,1,1,1,1,1,1,1,1,1,1,2,1,1,1,1,1,1,1,1,1,1,1,1,1,1,1,1,1,1,1,1,2,1,1,1,1,14,10,10,11,11,12,10,9,12,99,39,28,28,31,31,33,28,25,33,4,3,3,3,3,3,3,3,3
3,B,27,Guadalajara,Jalisco,8,2,1,2,1,1,0,0,0,1,No ,1,1,7,0,0,Nunca ha querido ir a terapia y siempre le he dicho que sería bueno ir que esto se puede arreglar pero él no quiere,4,3,4,3,4,3,4,3,4,2,2,2,2,4,4,3,1,2,2,2,2,2,3,4,3,2,3,4,4,3,4,2,2,3,2,3,4,3,4,3,4,4,3,1,2,2,3,4,2,2,3,4,2,4,3,4,4,3,4,2,2,2,4,2,2,2,2,3,4,4,2,4,2,2,3,4,3,4,3,2,2,25,25,28,25,29,30,29,17,28,236,69,69,78,69,81,83,81,47,78,7,7,8,7,8,8,8,5,8
4,B,25,Guadalajara,Jalisco,9,3,1,1,1,1,0,0,1,0,Yo creo que con terapia se soluciona pero tampoco quiere es muy cerrado y no se abre causa de muchas discusiones. ,1,1,7,1,1,Su alcohol y me preocupa las agresiones constantes,4,3,3,4,3,3,2,4,1,4,4,1,4,3,2,4,1,4,1,4,1,4,3,4,3,1,4,3,1,4,1,4,4,3,1,3,4,3,3,4,3,2,4,1,4,4,3,2,1,4,3,4,2,3,4,3,2,4,1,4,4,2,2,1,4,1,4,3,2,2,2,1,4,4,3,4,3,3,4,2,3,29,29,20,30,27,27,30,16,25,233,81,81,56,83,75,75,83,44,69,8,8,6,8,8,8,8,4,7
5,A ,29,Guadalajara,Nuevo León,8,4,1,2,0,1,0,0,1,1,"Hay demasiados problemas siempre terminamos discutiendo, ella me persigue y me reclama cosas del pasado. Llego a pensar que está loca",0,1,3,0,0,Siento que llega alucinar cosas. No sé si es bipolar ,3,4,3,2,2,3,3,2,3,2,4,3,4,2,3,2,3,2,3,4,3,4,2,3,4,3,2,2,3,2,3,2,4,2,3,2,3,4,3,2,2,3,2,3,2,4,2,3,3,4,2,3,2,3,2,2,3,2,3,2,4,2,3,3,4,3,4,2,3,3,2,3,2,4,2,3,4,3,2,2,2,24,31,25,27,23,26,25,22,22,225,67,86,69,75,64,72,69,61,61,7,9,7,8,6,7,7,6,6
6,B,35,Guadalajara,Jalisco,9,1,1,8,1,2,1,1,1,1,"No veo nada grave, pero no encontramos salida en lo económico y otras cosas más",1,1,6,0,0,"Jaígr nada grave, praveo nadmlo económiimación, alásnoencontramos salida en lo económico",2,4,2,3,2,3,4,3,2,3,1,3,2,2,4,3,2,2,3,2,3,2,1,2,4,2,3,3,4,3,2,1,1,1,1,2,2,4,2,3,2,4,3,2,2,1,1,1,3,2,2,2,4,2,3,3,4,1,2,3,1,1,1,3,2,3,2,1,1,4,3,1,3,1,2,2,4,2,3,1,3,23,22,23,20,17,22,25,19,18,189,64,61,64,56,47,61,69,53,50,6,6,6,6,5,6,7,5,5
7,B,41,Guadalajara ,Jalisco,11,2,1,11,0,2,0,0,1,0,No tengo motivo para separarme ni divorciarme,1,0,7,0,0,No,3,2,2,1,3,1,2,2,2,3,1,2,2,1,1,2,3,1,3,1,1,2,3,1,2,1,4,2,1,1,1,2,3,3,3,2,2,2,3,4,2,2,4,4,2,4,4,2,1,4,2,3,2,3,1,2,1,3,2,2,1,3,3,2,1,3,3,3,2,2,3,3,2,2,4,3,3,1,4,3,4,22,16,19,20,23,15,23,24,24,186,61,44,53,56,64,42,64,67,67,6,4,5,6,6,4,6,7,7
8,B,29,Guadalajara,Jalisco,8,2,1,5,0,2,1,1,1,1,Intromisión de su familia,0,1,3,0,0,sus apegos extraños,3,3,4,4,2,4,3,4,1,2,2,4,3,2,3,4,2,2,4,3,4,3,2,3,3,4,1,2,3,4,2,2,2,2,1,2,3,3,4,4,2,3,4,2,2,2,2,1,4,3,2,3,3,2,4,2,3,4,2,2,2,2,1,4,3,4,3,2,1,3,4,2,2,2,2,3,3,4,4,2,2,26,23,30,30,20,24,28,24,15,220,72,64,83,83,56,67,78,67,42,7,6,8,8,6,7,8,7,4
9,A ,45,Zapopan ,Jalisco,10,4,1,8,0,2,0,0,1,0,No tengo motivo para separarme ni divorciarme,1,0,2,0,0,No,3,2,1,1,2,1,1,2,2,3,1,3,1,1,2,3,3,2,2,2,2,3,3,1,1,2,1,2,2,1,2,2,3,1,3,2,2,2,2,3,3,3,3,2,4,1,2,1,1,3,3,1,3,3,2,3,1,2,3,3,3,2,1,3,1,2,2,3,1,3,1,2,1,1,2,3,1,1,2,3,3,19,16,15,18,21,18,18,21,20,166,53,44,42,50,58,50,50,58,56,5,4,4,5,6,5,5,6,6
10,A,34,Guadalajara,Morelos,11,4,1,5,1,1,0,0,1,1,Infidelidad,1,1,3,0,0,Infidelidad,2,4,4,3,2,4,2,2,4,2,3,3,2,2,2,2,4,2,3,2,3,2,1,2,4,4,3,3,2,2,4,2,3,4,2,1,2,4,4,3,2,2,2,4,2,3,4,2,3,1,1,2,4,4,3,3,2,2,2,2,3,4,2,3,2,3,2,2,2,2,2,4,2,3,1,2,1,4,3,3,3,23,27,24,23,15,22,24,29,25,212,64,75,67,64,42,61,67,81,69,6,8,7,6,4,6,7,8,7
11,A,37,Guadalajara,Zacatecas,9,3,1,7,1,2,0,0,1,1,"Hay varios motivos, pero siento que me controla hasta llego a pensar que me tiene envidia por mi empresa",1,0,0,0,0,Tiene mucha inseguridad y me estresa y me da ansiedad provocada por su control ,3,2,3,2,2,2,2,2,2,4,2,3,2,2,2,2,2,4,3,2,3,2,2,2,2,3,4,2,2,2,2,2,1,2,2,3,3,2,1,2,2,2,2,2,4,2,2,2,2,2,1,3,2,3,4,2,2,1,1,1,2,2,2,3,2,3,2,2,1,2,2,2,4,2,3,2,1,1,4,2,2,28,18,22,17,16,13,21,19,26,180,78,50,61,47,44,36,58,53,72,8,5,6,5,4,4,6,5,7
12,B,46,Tonala,Jalisco,10,3,1,8,1,2,1,1,1,0,No tengo motivo para separarme ni divorciarme,1,0,0,0,0,No,3,4,1,1,1,1,1,2,1,2,2,1,1,2,1,1,2,1,3,1,1,1,1,1,1,1,2,2,3,1,1,1,1,1,3,1,1,2,3,1,2,1,1,1,1,2,2,1,1,1,1,1,2,3,3,2,1,2,3,3,2,2,2,2,2,1,1,1,1,1,2,1,2,2,1,2,2,1,1,3,3,20,20,11,11,14,11,10,18,15,130,56,56,31,31,39,31,28,50,42,6,6,3,3,4,3,3,5,4
13,A,60,Guadalajara,Jalisco,7,1,1,10,1,2,0,0,0,0,No tengo motivo para separarme ni divorciarme,0,Sí,2,Sí,1,No,2,2,4,1,2,4,3,2,3,2,3,1,1,3,3,3,3,1,3,1,1,1,1,3,1,3,1,4,3,4,1,1,3,2,3,3,3,3,3,1,3,1,3,3,1,3,3,2,4,3,1,3,3,3,3,3,1,2,3,3,4,3,2,3,4,2,3,3,1,1,1,2,3,3,1,1,1,3,1,3,3,26,25,19,15,20,22,21,24,19,191,72,69,53,42,56,61,58,67,53,7,7,5,4,6,6,6,7,5
14,A,34,Guadalajara,Jalisco,8,3,1,7,0,2,1,1,1,1,Vamos por caminos diferentes y ella tiene sus proyectos y yo los míos,1,0,0,1,5,Su trabajo la absorve por completo y llega a casa y todo son los hijos y parece que yo no entro en la relación. Es una workaholic,4,2,1,2,2,4,3,2,2,1,2,4,2,2,3,2,2,1,4,2,4,2,3,4,2,1,2,4,3,2,2,1,2,2,2,3,4,2,1,2,2,3,2,2,1,2,2,4,2,2,3,4,2,1,4,4,3,2,1,1,2,2,2,4,2,4,2,2,4,3,2,2,1,2,3,1,2,1,4,2,2,28,21,26,17,17,25,24,17,16,191,78,58,72,47,47,69,67,47,44,8,6,7,5,5,7,7,5,4
15,B,38,Guadalajara,Jalisco,9,4,1,6,1,1,1,1,1,1,No compatibilidad de caracteres,1,0,0,0,0,Simplemente se acabó el amor,2,3,3,2,2,4,3,2,2,1,4,3,3,2,3,2,2,1,2,3,3,2,2,4,3,3,2,2,3,2,2,1,4,3,3,2,2,3,3,1,1,3,2,2,1,2,3,3,1,2,2,4,3,3,2,3,3,2,2,1,4,3,3,3,3,3,1,2,3,3,2,2,1,4,2,1,1,3,2,3,3,17,29,25,15,15,27,26,23,19,196,47,81,69,42,42,75,72,64,53,5,8,7,4,4,8,7,6,5
16,A,44,Guadalajara,Jalisco,11,4,1,6,0,2,0,0,1,1,Infidelidad,1,1,7,0,0,Por más que le he pedido perdón e invitado a terapia no quiere y no quiero que me siga denigrando delante de mis hijos,2,3,3,4,3,4,4,4,3,4,3,4,3,3,4,4,3,4,4,3,4,3,4,2,3,3,4,3,4,4,3,4,3,3,1,4,2,3,3,4,3,4,4,3,4,3,3,1,4,3,4,2,3,3,4,3,4,4,3,4,3,3,1,4,3,4,3,3,1,4,2,3,4,3,4,2,3,3,4,3,3,30,28,31,30,29,29,31,25,29,262,83,78,86,83,81,81,86,69,81,8,8,9,8,8,8,9,7,8
17,B,40,Guadalajara,Jalisco,8,1,1,8,1,2,1,1,1,1,parece que no conectamos ni en lo económico ni en lo sexual y social. Me quisiera divorciar por el bien de los hijos y antes de que se me vaya más el tren,1,0,0,1,4,Hace tiempo que veo que está estancado profesionalmente y para mí tiene adicción a la pornografía y eso a mí me hace sentir mal y con pocas ganas de intimar. ,3,4,4,1,2,4,3,2,1,4,2,2,1,2,3,3,1,4,2,2,2,1,2,3,4,2,3,4,3,3,1,2,2,2,3,3,3,4,4,1,2,3,3,1,4,2,2,3,2,2,3,3,2,4,3,4,3,1,1,4,2,2,3,2,2,2,2,2,3,3,3,1,4,2,3,3,2,4,3,2,2,27,25,26,13,17,29,26,18,25,206,75,69,72,36,47,81,72,50,69,8,7,7,4,5,8,7,5,7
18,B,39,Guadalajara,Jalisco,11,1,1,10,1,2,0,0,1,1,Infidelidad,0,1,6,1,5,"Estoy muy enojada, me transmitió papiloma por andar de mujeriego e infiel. No puedo con eso",1,4,4,2,4,2,2,3,3,2,4,1,2,4,2,3,3,3,1,1,1,1,3,1,4,4,2,2,2,3,3,3,4,3,2,3,1,4,4,2,4,2,3,3,3,2,3,4,1,1,3,1,4,4,2,4,2,3,3,3,4,3,4,1,1,1,1,3,4,2,3,3,3,4,3,1,4,4,2,4,4,15,27,23,16,29,25,24,29,29,217,42,75,64,44,81,69,67,81,81,4,8,6,4,8,7,7,8,8
19,B,49,Guadalajara,Guanajuato,10,4,1,6,1,2,1,1,1,0,No tengo motivo para separarme ni divorciarme,1,0,0,Sí,4,No,2,3,1,1,1,1,2,3,2,1,2,2,1,2,1,1,3,1,1,1,2,2,2,2,1,1,1,2,1,3,1,1,2,2,2,1,1,2,2,2,3,1,3,2,1,1,1,2,1,1,3,1,2,1,2,3,1,1,2,2,4,2,1,2,3,1,1,2,1,1,2,1,2,3,1,2,2,2,2,3,3,14,19,15,12,16,15,17,20,12,140,39,53,42,33,44,42,47,56,33,4,5,4,3,4,4,5,6,3
20,B,40,Guadalajara,Jalisco,11,1,1,9,1,2,0,0,1,1,Infidelidad,1,1,3,0,0,Lo de la ifidelidad,4,1,2,3,2,3,3,3,3,1,1,2,3,2,3,3,3,1,2,3,2,3,3,4,1,2,3,2,3,3,3,1,1,2,4,3,4,1,2,3,2,3,3,3,1,1,2,4,2,3,3,4,1,2,3,2,3,3,3,1,1,2,4,2,3,2,3,2,4,3,3,3,1,1,3,4,1,2,3,2,2,20,17,23,27,19,24,23,23,22,198,56,47,64,75,53,67,64,64,61,6,5,6,8,5,7,6,6,6
21,B,25,Zapopan,Jalisco,8,4,1,2,1,0,0,0,1,0,No tengo motivo para separarme ni divorciarme,1,0,0,0,0,Si,1,2,1,3,1,1,2,1,1,1,2,1,2,1,1,2,1,1,4,1,1,2,1,2,1,1,2,1,1,1,2,1,1,1,1,1,1,1,1,2,1,1,1,1,1,1,1,1,1,1,1,2,2,1,1,1,1,1,1,1,1,1,1,1,1,1,1,1,1,1,1,1,1,1,1,1,1,1,1,1,1,12,11,9,15,9,10,12,10,10,98,33,31,25,42,25,28,33,28,28,3,3,3,4,3,3,3,3,3
22,A,68,"Benito Juárez, Quintana Roo ",Guanajuato,10,4,1,9,1,1,0,1,0,0,No tengo motivo para separarme ni divorciarme,1,0,0,0,0,No,2,2,2,1,2,1,1,1,1,1,2,1,2,2,2,2,2,1,1,1,1,1,1,1,1,1,1,1,1,1,1,2,2,1,1,1,2,2,2,1,1,1,2,2,1,1,1,1,1,2,1,1,1,1,1,1,1,1,2,2,2,1,1,1,1,1,1,1,1,1,1,1,1,2,1,1,1,1,1,1,2,11,13,11,10,14,12,12,11,10,104,31,36,31,28,39,33,33,31,28,3,4,3,3,4,3,3,3,3
23,A ,36,Zapopan,Jalisco,10,4,1,8,1,2,1,1,0,0,No tengo motivo para separarme ni divorciarme,1,0,0,0,0,No,2,1,1,1,2,1,1,1,1,2,1,1,1,1,1,1,2,1,1,1,1,1,1,1,1,1,1,1,1,1,1,1,1,1,1,1,1,2,2,1,1,1,1,1,1,1,1,1,1,1,1,1,1,1,1,2,1,1,1,1,1,1,1,1,1,1,1,1,1,1,1,2,1,1,1,1,1,1,1,1,1,11,11,10,9,10,9,9,10,10,89,31,31,28,25,28,25,25,28,28,3,3,3,3,3,3,3,3,3
24,A,37,Guadalajara,Michoacán,6,2,1,8,1,2,1,1,1,1,Economía,1,1,7,0,0,Infidelidad,3,3,3,2,2,2,2,2,1,4,1,3,3,2,2,2,1,4,3,3,3,3,2,3,3,3,2,4,2,2,1,2,1,1,2,2,3,3,3,2,2,2,2,1,4,1,1,2,3,3,2,3,3,3,2,4,2,2,1,4,1,1,2,3,3,3,3,1,2,2,2,1,4,1,2,3,2,3,2,2,4,27,21,23,22,17,21,18,17,23,189,75,58,64,61,47,58,50,47,64,8,6,6,6,5,6,5,5,6
25,B,48,Ocotlán ,Jalisco,11,1,1,10,1,3,0,0,1,0,No tengo motivo para separarme ni divorciarme,1,0,0,Sí,2,No,3,2,2,1,3,1,1,1,1,1,2,1,1,2,1,1,1,1,1,1,2,2,2,1,1,1,2,2,1,1,1,1,1,1,1,1,1,1,2,3,2,1,2,1,1,1,1,2,1,1,1,3,1,1,1,2,1,1,1,1,1,2,1,2,2,2,1,1,1,1,2,1,2,2,2,1,2,1,1,1,2,14,14,15,12,15,9,12,11,11,113,39,39,42,33,42,25,33,31,31,4,4,4,3,4,3,3,3,3
26,B,28,Guadalajara,Jalisco,9,4,1,3,1,1,0,0,1,1,el ya no quiere y no lo puedo obligar a quererme,1,1,7,0,0,Su indiferencia,2,2,2,3,3,2,1,3,1,2,4,3,1,3,1,3,1,2,3,1,3,1,4,3,2,2,3,3,1,3,1,2,4,3,4,4,3,2,2,3,3,1,3,1,2,2,3,4,3,1,4,3,2,2,2,3,1,3,1,2,4,3,4,3,1,3,1,3,4,1,3,1,2,4,4,3,2,2,3,3,3,22,21,25,19,22,23,23,22,22,199,61,58,69,53,61,64,64,61,61,6,6,7,5,6,6,6,6,6
27,A,31,Guadalajara,Jalisco,11,5,1,3,1,1,0,0,1,1,"Nuestra vida es un desastre con continuas peleas y discusiones sin acuerdo y siento que me manipula y chantajea, me hace sentir culpable",0,1,6,0,0,El nivel de violencia que se está dando no lo quier,3,4,4,2,4,2,4,3,2,4,3,4,2,4,4,3,2,4,4,2,4,2,4,3,4,4,2,4,4,3,2,4,3,3,1,4,3,4,4,2,4,4,3,2,4,3,3,1,4,2,4,3,4,4,2,4,4,3,2,4,3,3,1,4,2,4,2,3,1,4,3,2,4,3,4,3,4,4,2,4,4,31,29,32,22,31,29,29,26,27,256,86,81,89,61,86,81,81,72,75,9,8,9,6,9,8,8,7,8
28,A,37,Guadalajara,Aguascalientes,11,4,1,7,1,2,0,0,1,1,"Tenemos formas de ver la vida diferente, pero no soporto más el tema de la intromisión familiar",0,1,3,1,5,Es adicta a su familia. ,1,2,2,3,4,3,4,3,1,3,4,4,3,4,4,3,2,2,4,1,4,1,4,1,2,2,2,4,4,3,2,3,4,2,3,2,1,2,2,3,4,4,3,2,2,4,2,3,4,1,4,1,2,2,3,4,4,3,2,3,4,2,2,4,1,4,1,2,3,4,3,2,3,4,4,1,2,2,3,4,4,27,24,30,21,26,28,26,23,19,224,75,67,83,58,72,78,72,64,53,8,7,8,6,7,8,7,6,5
29,A ,29,Guadalajara,Sinaloa,9,2,1,1,1,0,0,0,1,1,Diferencias económicas principalmente,1,1,7,0,0,No lo sé,2,3,2,4,2,4,3,4,2,4,3,3,3,2,3,4,2,4,3,3,3,3,4,2,3,2,4,2,3,4,2,4,3,3,3,4,2,3,2,4,2,3,4,2,4,3,3,3,3,3,4,2,3,2,4,2,3,4,2,4,3,3,3,3,3,3,3,3,3,3,4,2,4,3,4,2,3,2,4,2,2,27,26,27,28,25,28,29,25,27,242,75,72,75,78,69,78,81,69,75,8,7,8,8,7,8,8,7,8
30,A,37,Zapopan ,Jalisco,11,4,1,12,1,2,0,0,1,0,No tengo motivo para separarme ni divorciarme,1,0,0,Sí,1,No,2,3,3,1,1,1,2,2,2,3,1,2,1,1,1,1,2,1,3,1,2,1,1,2,1,2,1,3,2,1,1,3,1,3,2,1,4,2,1,1,1,1,2,2,2,3,2,2,1,1,1,3,1,1,1,1,1,2,1,1,3,1,1,1,3,3,2,2,2,1,1,2,1,3,1,2,1,1,2,3,2,21,18,16,12,12,11,18,16,13,137,58,50,44,33,33,31,50,44,36,6,5,4,3,3,3,5,4,4
31,B,30,Guadalajara ,Jalisco,10,2,1,5,1,2,0,0,0,0,No tengo motivo para separarme ni divorciarme,0,0,0,0,0,No,1,1,1,1,2,1,1,1,1,1,1,2,1,1,1,1,1,1,1,1,1,2,1,1,1,1,1,1,1,1,1,1,1,1,1,1,1,1,1,1,1,1,1,1,1,1,1,1,1,1,1,1,1,1,1,1,1,1,1,1,1,1,1,1,1,1,1,1,1,1,1,1,1,1,1,1,1,1,1,1,1,9,9,10,10,10,9,9,9,9,84,25,25,28,28,28,25,25,25,25,3,3,3,3,3,3,3,3,3
32,A,36,Tlajomulco ,Nayarit,9,5,1,4,1,2,1,1,1,1,No llegar a una comprensión diálogo. ,1,1,6,0,0,No,3,4,3,1,2,2,1,2,2,2,2,2,2,1,4,1,2,3,1,3,3,2,2,2,3,1,1,2,1,1,1,2,3,1,3,1,1,4,2,1,2,2,1,4,2,1,2,1,1,1,1,2,1,2,2,1,1,1,4,4,3,2,2,4,3,1,1,3,3,2,2,1,3,2,1,1,1,2,1,2,2,19,22,15,11,18,23,15,19,16,158,53,61,42,31,50,64,42,53,44,5,6,4,3,5,6,4,5,4
33,B,29,Guadalajara,Jalisco,8,2,1,5,0,2,1,1,1,1,Intromisión de su familia,0,1,3,0,0,sus apegos extraños,3,3,4,4,2,4,3,4,1,2,2,4,3,2,3,4,2,2,4,3,4,3,2,3,3,4,1,2,3,4,2,2,2,2,1,2,3,3,4,4,2,3,4,2,2,2,2,1,4,3,2,3,3,2,4,2,3,4,2,2,2,2,1,4,3,4,3,2,1,3,4,2,2,2,2,3,3,4,4,2,2,26,23,30,30,20,24,28,24,15,220,72,64,83,83,56,67,78,67,42,7,6,8,8,6,7,8,7,4
34,B,33,Guadalajara,Jalisco,9,4,1,7,1,2,0,0,1,0,"No quiero hacerlo, Siento que necesitamos una buena terapia pero no quiere.",1,1,7,0,0,Me ataca mucho pero siento que si los dos trabajamos podemos rescatar esto. No me tiene paciencia,4,3,1,4,4,4,3,3,3,4,2,3,2,4,3,3,3,4,3,2,3,2,3,4,3,1,4,4,3,3,3,4,2,3,1,3,4,3,1,4,4,3,3,3,4,2,3,1,3,2,3,4,3,1,4,4,3,3,3,4,2,3,1,3,2,3,2,3,1,3,3,3,4,2,3,4,3,1,4,4,4,32,24,21,27,30,25,28,24,27,238,89,67,58,75,83,69,78,67,75,9,7,6,8,8,7,8,7,8
35,B,51,Tlajomulco de Zuñiga,Jalisco,10,1,1,10,1,3,0,0,1,0,No tengo motivo para separarme ni divorciarme,1,1,3,0,0,No,3,4,1,1,1,2,1,2,2,1,1,1,1,1,2,1,2,1,1,1,1,1,1,2,1,1,2,3,1,2,1,2,3,1,2,1,1,2,3,1,3,1,2,1,1,4,3,1,1,1,1,4,1,1,1,3,1,2,2,2,1,2,1,3,1,1,2,1,1,1,1,1,2,2,1,2,1,2,1,1,3,19,18,12,12,13,16,13,13,13,129,53,50,33,33,36,44,36,36,36,5,5,3,3,4,4,4,4,4
36,A,41,Guadalajara,Jalisco,10,4,1,8,1,2,1,1,0,0,No tengo motivo para separarme ni divorciarme,1,0,0,0,0,"Ella tiene altas expectativas y siento que yo no las cubro, se queja de la intimidad y de lo social ",2,2,2,2,2,4,4,2,1,2,1,4,2,2,2,2,2,3,4,2,3,2,2,2,2,2,2,4,2,3,2,2,2,2,3,3,2,2,2,2,2,1,2,2,1,4,1,2,2,2,3,2,2,2,2,4,3,2,2,2,2,2,4,2,1,3,2,2,4,4,3,3,3,2,3,1,2,2,2,2,2,25,17,25,17,18,22,22,20,21,187,69,47,69,47,50,61,61,56,58,7,5,7,5,5,6,6,6,6
37,A,29,Guadalajara,Zacatecas,9,3,1,4,1,1,1,1,1,1,Infidelidad,1,1,7,0,0,No hemos podido superar la infidelidad y ha perdido toda la confianza en mí y no aguanto esta situación. ,4,2,3,3,3,4,1,4,3,1,2,3,2,3,1,4,3,1,3,1,3,1,2,4,2,3,3,3,1,4,3,1,2,4,2,2,4,2,3,3,3,1,4,3,1,2,4,2,3,1,2,2,2,3,3,3,1,4,3,1,2,4,2,3,1,3,1,4,2,1,4,3,1,2,2,4,2,2,3,3,3,24,18,24,24,22,19,23,28,21,203,67,50,67,67,61,53,64,78,58,7,5,7,7,6,5,6,8,6
38,B,42,Guadalajara,Jalisco,7,2,1,10,1,2,0,0,0,0,Creo que la terapia nos puede ayudar. Aunque hemos tenido dos que no han sido exitosas creo que no tenemos nada grave para hacerlo,1,1,7,0,0,No encontramos las estrategias a pesar de haber hecho esfuerzos,1,3,3,3,2,4,1,2,2,2,2,2,2,2,1,2,3,2,2,2,2,2,3,1,3,3,1,2,1,2,3,2,2,2,2,1,1,3,3,3,2,1,2,3,2,2,2,2,2,2,3,1,3,2,3,2,1,2,3,2,2,2,2,2,2,2,2,2,2,1,2,2,2,2,3,1,3,3,3,2,2,17,19,20,20,21,19,17,22,16,171,47,53,56,56,58,53,47,61,44,5,5,6,6,6,5,5,6,4
39,B,37,Zapopan ,Jalisco,11,4,1,12,1,2,0,0,1,0,No tengo motivo para separarme ni divorciarme,1,0,0,Sí,1,No,2,3,3,1,1,1,2,2,2,3,1,2,1,1,1,1,2,1,3,1,2,1,1,2,1,2,1,3,2,1,1,3,1,3,2,1,4,2,1,1,1,1,2,2,2,3,2,2,1,1,1,3,1,1,1,1,1,2,1,1,3,1,1,1,3,3,2,2,2,1,1,2,1,3,1,2,1,1,2,3,2,21,18,16,12,12,11,18,16,13,137,58,50,44,33,33,31,50,44,36,6,5,4,3,3,3,5,4,4
40,B,42,Zapopan,Sinaloa,8,5,1,10,1,4,0,0,0,0,No tengo motivo para separarme ni divorciarme,1,0,0,Sí,1,No,2,1,3,2,2,1,2,1,1,2,2,1,2,2,2,2,1,2,2,1,2,1,1,2,2,1,2,2,1,1,1,1,1,1,1,1,1,1,2,1,1,1,2,1,1,1,1,1,1,1,1,1,1,1,1,2,1,1,1,1,1,1,2,1,1,1,1,1,1,1,1,1,1,2,2,1,2,1,1,1,1,13,12,14,11,12,11,13,9,12,107,36,33,39,31,33,31,36,25,33,4,3,4,3,3,3,4,3,3
41,B,46,Tonala,Jalisco,10,3,1,8,1,2,1,12,1,0,No tengo motivo para separarme ni divorciarme,1,0,0,0,0,No,3,4,1,1,1,1,1,2,1,2,2,1,1,2,1,1,2,1,3,1,1,1,1,1,1,1,2,2,3,1,1,1,1,1,3,1,1,2,3,1,2,1,1,1,1,2,2,1,1,1,1,1,2,3,3,2,1,2,3,3,2,2,2,2,2,1,1,1,1,1,2,1,2,2,1,2,2,1,1,3,3,20,20,11,11,14,11,10,18,15,130,56,56,31,31,39,31,28,50,42,6,6,3,3,4,3,3,5,4
42,B,60,Guadalajara,Jalisco,7,1,1,10,1,2,0,0,1,0,No tengo motivo para separarme ni divorciarme,0,1,2,Sí,1,No,2,2,4,1,2,4,3,2,3,2,3,1,1,3,3,3,3,1,3,1,1,1,1,3,1,3,1,4,3,4,1,1,3,2,3,3,3,3,3,1,3,1,3,3,1,3,3,2,4,3,1,3,3,3,3,3,1,2,3,3,4,3,2,3,4,2,3,3,1,1,1,2,3,3,1,1,1,3,1,3,3,26,25,19,15,20,22,21,24,19,191,72,69,53,42,56,61,58,67,53,7,7,5,4,6,6,6,7,5
43,A,25,Zapopan,Jalisco,8,4,1,2,1,0,0,0,1,0,No tengo motivo para separarme ni divorciarme,1,0,0,0,0,Si,1,2,1,3,1,1,2,1,1,1,2,1,2,1,1,2,1,1,4,1,1,2,1,2,1,1,2,1,1,1,2,1,1,1,1,1,1,1,1,2,1,1,1,1,1,1,1,1,1,1,1,2,2,1,1,1,1,1,1,1,1,1,1,1,1,1,1,1,1,1,1,1,1,1,1,1,1,1,1,1,1,12,11,9,15,9,10,12,10,10,98,33,31,25,42,25,28,33,28,28,3,3,3,4,3,3,3,3,3
44,B,41,Guadalajara,Jalisco,9,2,1,10,1,2,0,0,1,1,Infidelidad,0,1,7,0,5,Infidelidad,4,3,1,4,4,2,2,4,4,2,4,3,2,4,2,4,4,2,3,2,3,2,3,4,3,1,4,4,2,4,4,2,4,4,4,3,4,3,1,4,4,2,4,4,2,4,4,4,3,2,3,4,3,1,4,4,2,4,4,2,4,4,4,3,2,3,2,4,4,2,4,4,2,4,3,4,3,1,4,4,4,30,28,24,29,30,24,31,32,28,256,83,78,67,81,83,67,86,89,78,8,8,7,8,8,7,9,9,8
45,B,39,Guadalajara,Jalisco,7,3,1,10,1,3,0,0,0,0,No quiero divorciarme ,1,1,7,0,0,Nuestras discusiones escalan de nivel que a veces me da miedo,4,4,4,3,3,4,3,3,1,2,3,4,2,3,3,3,1,2,4,1,4,1,2,4,4,2,3,3,3,3,1,2,3,2,2,2,4,4,4,3,3,3,3,1,2,3,2,4,4,1,2,4,4,2,3,3,3,3,1,2,3,2,2,4,1,4,1,2,4,3,3,1,2,3,2,4,4,4,3,3,3,29,24,32,22,21,29,28,21,18,224,81,67,89,61,58,81,78,58,50,8,7,9,6,6,8,8,6,5
46,B,49,guanajuato,Tamaulipas,10,4,1,6,1,2,0,1,1,0,No tengo motivo para separarme ni divorciarme,1,0,0,Sí,4,No,2,3,1,1,1,1,2,3,2,1,2,2,1,2,1,1,3,1,1,1,2,2,2,2,1,1,1,2,1,3,1,1,2,2,2,1,1,2,2,2,3,1,3,2,1,1,1,2,1,1,3,1,2,1,2,3,1,1,2,2,4,2,1,2,3,1,1,2,1,1,2,1,2,3,1,2,2,2,2,3,3,14,19,15,12,16,15,17,20,12,140,39,53,42,33,44,42,47,56,33,4,5,4,3,4,4,5,6,3
47,B,37,Zapopan ,Jalisco,11,4,1,12,1,2,0,0,1,0,No tengo motivo para separarme ni divorciarme,1,0,0,Sí,1,No,2,3,3,1,1,1,2,2,2,3,1,2,1,1,1,1,2,1,3,1,2,1,1,2,1,2,1,3,2,1,1,3,1,3,2,1,4,2,1,1,1,1,2,2,2,3,2,2,1,1,1,3,1,1,1,1,1,2,1,1,3,1,1,1,3,3,2,2,2,1,1,2,1,3,1,2,1,1,2,3,2,21,18,16,12,12,11,18,16,13,137,58,50,44,33,33,31,50,44,36,6,5,4,3,3,3,5,4,4
48,B,30,Guadalajara,Jalisco,8,1,1,4,1,1,0,0,1,1,Ciertamente no todo está mal pero tenemos varios temas entre ellos lo económico pero él cree que yo estoy tonta y siento que hay violencia,1,1,7,1,1,"Yo digo que el alcoholismo pero siempre lo niega y dice que yo soy exagerada, claro que me encantaría resolver el matrimonio pero así no se puede. ",4,3,1,2,2,2,1,3,3,2,3,2,2,2,1,3,1,2,2,2,2,2,1,4,3,1,3,3,1,3,2,2,3,4,1,1,4,3,1,2,2,1,3,3,2,3,4,1,2,2,1,2,3,1,3,3,1,2,2,2,3,2,1,2,2,2,2,2,1,1,2,3,2,3,1,2,1,1,3,3,3,25,24,14,18,16,16,23,19,19,174,69,67,39,50,44,44,64,53,53,7,7,4,5,4,4,6,5,5
49,A,50,Guadalajara,Colima,12,5,1,10,1,2,0,0,0,1,No quiero hacerlo pero le fui infiel con una scort y la contagié ,1,1,6,0,0,Le provoqué papiloma,2,3,1,4,3,4,1,2,4,1,1,2,4,3,1,4,4,1,2,4,2,4,2,4,3,1,4,2,1,4,4,1,1,4,3,2,2,3,1,4,3,1,4,4,1,1,4,3,2,4,2,4,3,1,2,3,1,4,4,1,1,4,3,2,4,2,4,4,3,1,2,4,1,1,2,4,3,1,4,3,3,15,24,18,34,27,18,26,26,23,211,42,67,50,94,75,50,72,72,64,4,7,5,9,8,5,7,7,6
50,A,32,Guadalajara,Jalisco,5,4,1,4,1,1,0,0,1,1,Ella no confía en el tema económico  y en otras áreas que sólo discutimos y a veces de manera violenta que ya no quiero seguir ,0,1,7,0,0,"Según ella yo tengo alcoholismo, ciertamente muchas veces cuando discutimos está presente pero no siempre. No llegamos a acuerdos y siento que ella me volverá loco o yo a ella. Es agria en sus comentarios",3,2,1,2,2,3,1,4,2,3,4,3,1,2,1,4,2,3,3,2,3,2,1,3,2,1,2,3,1,4,2,2,4,4,1,1,3,2,1,2,2,1,4,2,2,4,4,1,3,2,1,3,1,1,3,3,1,2,2,3,4,2,1,3,2,3,2,2,1,1,1,3,3,4,1,3,2,1,3,3,3,28,24,18,19,17,18,26,17,18,185,78,67,50,53,47,50,72,47,50,8,7,5,5,5,5,7,5,5
51,B,41,Guadalajara ,Jalisco,11,2,1,11,0,2,0,0,1,0,No tengo motivo para separarme ni divorciarme,1,0,7,0,0,No,3,2,2,1,3,1,2,2,2,3,1,2,2,1,1,2,3,1,3,1,1,2,3,1,2,1,4,2,1,1,1,2,3,3,3,2,2,2,3,4,2,2,4,4,2,4,4,2,1,4,2,3,2,3,1,2,1,3,2,2,1,3,3,2,1,3,3,3,2,2,3,3,2,2,4,3,3,1,4,3,4,22,16,19,20,23,15,23,24,24,186,61,44,53,56,64,42,64,67,67,6,4,5,6,6,4,6,7,7
52,B,26,Guadalajara,Jalisco,9,3,1,3,0,1,0,0,0,0,Infidelidad,1,1,7,0,0,No quiero divorciarme. Reconozco que me equivoqué pero creo que tiene solución hay cosas que también él es responsable pero me echa toda la culpa ,3,4,3,3,2,4,4,3,4,2,3,2,3,2,4,3,4,2,2,1,2,1,2,3,4,3,3,2,2,2,4,2,3,2,3,2,3,2,2,3,2,4,3,4,2,3,2,2,2,1,2,3,4,3,3,2,2,3,4,2,3,2,4,2,1,2,1,2,4,4,3,4,2,2,1,3,4,3,3,2,2,22,19,18,23,21,29,29,28,26,215,61,53,50,64,58,81,81,78,72,6,5,5,6,6,8,8,8,7
53,A,26,Guadalajara,Jalisco,11,3,1,3,0,1,0,0,1,1,Me fue infiel con su amigo de trabajo,0,1,7,0,0,No puedo perdonarle la traición. Mejor ahora que no tenemos hijos. ,4,2,4,4,2,3,1,2,3,3,4,2,4,2,1,4,3,3,2,1,1,1,3,4,2,4,2,2,1,2,4,3,4,3,3,2,4,2,2,4,2,1,4,3,3,4,2,2,2,1,2,4,2,4,2,2,1,4,4,3,4,3,3,2,1,2,1,3,3,1,2,3,3,2,2,4,2,4,2,2,2,26,17,18,28,22,25,25,24,25,210,72,47,50,78,61,69,69,67,69,7,5,5,8,6,7,7,7,7
54,B,34,Guadalajara ,Jalisco,8,1,1,3,1,2,1,1,0,0,No tengo motivo para separarme ni divorciarme,1,0,0,0,0,Si,2,2,2,1,1,1,2,1,1,2,1,1,1,1,2,1,2,1,2,2,2,2,2,2,1,2,2,3,1,1,2,1,1,2,1,2,1,3,1,2,1,1,1,1,2,1,2,2,1,1,2,1,1,3,1,3,1,1,1,1,1,1,2,3,2,2,1,2,1,1,1,2,2,2,2,2,1,2,2,1,2,17,18,14,13,11,13,12,11,17,126,47,50,39,36,31,36,33,31,47,5,5,4,4,3,4,3,3,5
55,B,25,Zapopan,Jalisco,8,4,1,2,1,0,0,0,0,0,No tengo motivo para separarme ni divorciarme,1,0,0,0,0,Si,1,2,1,3,1,1,2,1,1,1,2,1,2,1,1,2,1,1,4,1,1,2,1,2,1,1,2,1,1,1,2,1,1,1,1,1,1,1,1,2,1,1,1,1,1,1,1,1,1,1,1,2,2,1,1,1,1,1,1,1,1,1,1,1,1,1,1,1,1,1,1,1,1,1,1,1,1,1,1,1,1,12,11,9,15,9,10,12,10,10,98,33,31,25,42,25,28,33,28,28,3,3,3,4,3,3,3,3,3
56,B,37,Zapopan ,Jalisco,11,4,1,12,1,2,0,0,1,0,No tengo motivo para separarme ni divorciarme,1,0,0,1,1,No,2,3,3,1,1,1,2,2,2,3,1,2,1,1,1,1,2,1,3,1,2,1,1,2,1,2,1,3,2,1,1,3,1,3,2,1,4,2,1,1,1,1,2,2,2,3,2,2,1,1,1,3,1,1,1,1,1,2,1,1,3,1,1,1,3,3,2,2,2,1,1,2,1,3,1,2,1,1,2,3,2,21,18,16,12,12,11,18,16,13,137,58,50,44,33,33,31,50,44,36,6,5,4,3,3,3,5,4,4
57,B,46,Tlaquepaque ,Jalisco,10,4,1,11,1,1,0,0,1,1,"Doble vida de el, tiene otra familia a la par mía que inicio a los dos meses de casado actualmente tiene 5 hijos allá ",0,1,3,1,1,No,1,4,4,1,1,2,4,3,4,3,3,2,1,3,1,2,3,1,3,1,1,4,2,1,4,1,4,1,2,1,1,4,4,3,3,3,1,2,3,3,3,1,3,4,1,1,3,1,4,3,3,4,3,1,3,1,1,1,4,4,4,4,1,3,3,1,4,4,2,1,4,1,3,3,1,3,3,1,4,4,4,19,22,15,22,27,19,29,29,20,202,53,61,42,61,75,53,81,81,56,5,6,4,6,8,5,8,8,6
58,B,24,Guadalajara,Jalisco,8,1,1,1,1,0,0,0,1,1,tema económico,0,1,7,1,5,Le gusta apostar,4,2,1,3,4,2,3,3,2,3,4,4,3,4,3,3,2,3,4,3,4,3,3,4,2,1,3,4,3,3,2,3,4,3,4,3,4,2,1,3,4,3,3,2,3,4,3,4,4,3,3,4,2,1,3,4,3,3,2,3,4,3,4,4,3,4,3,3,4,3,3,2,3,4,3,4,2,1,3,4,4,33,28,27,28,28,27,28,24,25,248,92,78,75,78,78,75,78,67,69,9,8,8,8,8,8,8,7,7
59,A ,51,Tlajomulco de Zuñiga,Jalisco,10,1,1,10,1,3,0,0,1,0,No tengo motivo para separarme ni divorciarme,1,1,3,0,0,No,3,4,1,1,1,2,1,2,2,1,1,1,1,1,2,1,2,1,1,1,1,1,1,2,1,1,2,3,1,2,1,2,3,1,2,1,1,2,3,1,3,1,2,1,1,4,3,1,1,1,1,4,1,1,1,3,1,2,2,2,1,2,1,3,1,1,2,1,1,1,1,1,2,2,1,2,1,2,1,1,3,19,18,12,12,13,16,13,13,13,129,53,50,33,33,36,44,36,36,36,5,5,3,3,4,4,4,4,4
60,B,25,Guadalajara,Jalisco,11,4,1,1,1,1,0,0,1,1,"Son más la diferencias que tenemos que discutimos de todo. No es el matrimonio que quería, me arrepiento y estoy joven y a tiempo",1,1,7,1,5,Sí estoy abierto a una terapia a ver qué se puede hacer pero no quiero avanzar con esto así y aprovechar que ni hijos tenemos. Tiene varias adicciones ,3,4,3,2,2,2,1,2,1,3,4,4,2,2,2,1,2,2,4,3,2,1,1,3,1,3,2,3,2,1,2,1,4,3,2,2,3,4,1,3,2,2,2,2,2,4,3,1,2,2,1,3,4,2,4,3,1,2,2,1,4,3,2,4,3,1,2,3,1,2,2,2,3,4,2,2,2,1,1,2,3,31,30,16,18,17,17,18,22,18,187,86,83,44,50,47,47,50,61,50,9,8,4,5,5,5,5,6,5
61,A ,30,Guadalajara,Tabasco,5,2,1,2,1,1,0,0,0,0,No quiero,1,0,0,0,0,Ninguna  ,2,2,4,3,4,3,1,3,1,1,1,1,2,4,1,3,1,1,1,2,1,2,4,2,2,4,3,4,1,3,1,1,1,2,2,4,2,2,4,2,4,1,3,1,1,1,2,2,1,2,3,2,1,4,3,3,1,2,1,1,1,2,2,1,2,1,2,2,2,1,1,1,1,1,4,2,2,4,3,3,4,16,16,21,17,24,18,18,18,21,169,44,44,58,47,67,50,50,50,58,4,4,6,5,7,5,5,5,6
62,A,36,Tlajomulco ,Campeche,9,5,1,4,1,2,1,1,1,1,No llegar a una comprensión diálogo. ,1,1,0,0,0,No,3,4,3,1,2,2,1,2,2,2,2,2,2,1,4,1,2,3,1,3,3,2,2,2,3,1,1,2,1,1,1,2,3,1,3,1,1,4,2,1,2,2,1,4,2,1,2,1,1,1,1,2,1,2,2,1,1,1,4,4,3,2,2,4,3,1,1,3,3,2,2,1,3,2,1,1,1,2,1,2,2,19,22,15,11,18,23,15,19,16,158,53,61,42,31,50,64,42,53,44,5,6,4,3,5,6,4,5,4
63,A ,29,Guadalajara ,Jalisco,6,1,1,10,1,2,0,0,1,0,No tengo motivo para separarme ni divorciarme,1,0,0,0,0,No,2,1,1,1,2,1,1,1,1,2,1,1,1,1,1,1,1,2,2,1,1,2,1,1,2,1,2,2,1,1,1,1,4,1,1,1,2,1,2,2,1,1,1,1,2,1,1,1,1,1,1,1,1,1,1,2,1,1,1,1,1,1,1,1,1,1,1,1,1,1,1,1,1,1,1,1,2,1,1,1,1,14,10,10,11,11,12,10,9,12,99,39,28,28,31,31,33,28,25,33,4,3,3,3,3,3,3,3,3
64,A,39,Guadalajara,San Luis Potosí,9,4,1,10,1,2,0,0,1,1,No hemos podido superar el tema de la intimidad y es controladora. Ya alcancé mi límite,0,1,6,0,0,Debe haber un tema sexual por ahí ,2,2,1,2,4,3,1,4,2,2,2,1,2,4,1,4,4,2,1,2,1,2,3,2,2,1,2,4,1,4,4,2,2,2,2,2,2,2,1,2,4,1,4,4,2,2,2,2,1,2,3,2,2,1,2,4,1,4,4,2,2,2,2,1,2,1,2,2,2,1,4,2,2,2,3,2,2,1,2,4,4,18,19,15,21,27,17,20,27,19,183,50,53,42,58,75,47,56,75,53,5,5,4,6,8,5,6,8,5
65,A,45,Tlajomulco,Jalisco,10,4,1,7,1,3,1,1,1,0,"No quisiera, pero si lo hemos mencionado. No podemos solucionar conflictos, no sabemos hablarlos y escucharnos",1,1,6,0,1,No,2,2,3,3,3,1,2,2,3,3,3,1,3,3,2,2,2,1,3,2,2,2,2,3,3,2,1,2,2,2,3,3,2,2,3,2,2,2,4,2,3,1,3,3,2,2,2,2,2,2,2,3,3,3,2,2,1,2,2,2,2,2,3,2,2,1,3,3,2,1,2,2,2,2,2,2,2,2,2,3,3,20,19,18,22,23,17,20,22,20,181,56,53,50,61,64,47,56,61,56,6,5,5,6,6,5,6,6,6
66,A,35,Guadalajara,Jalisco,9,2,1,5,0,2,1,1,0,0,No sé porqué desde hace tiempo insiste en eso y me da pesar por mis hijos,1,0,0,0,0,Nada que yo sepa,2,3,2,2,2,3,2,3,3,4,2,2,3,2,2,3,3,4,2,3,2,3,2,2,3,2,2,3,2,3,3,2,2,2,2,2,2,3,2,2,2,2,3,3,4,2,2,2,2,2,2,2,3,2,2,3,2,3,2,4,2,2,2,2,3,2,3,2,2,2,3,3,4,2,2,2,2,2,2,3,3,23,23,19,23,18,21,21,24,25,197,64,64,53,64,50,58,58,67,69,6,6,5,6,5,6,6,7,7
67,A,36,Tlajomulco ,Estado de México,9,5,1,4,1,2,1,1,1,1,No llegar a una comprensión diálogo. ,1,1,6,0,0,No,3,4,3,1,2,2,1,2,2,2,2,2,2,1,4,1,2,3,1,3,3,2,2,2,3,1,1,2,1,1,1,2,3,1,3,1,1,4,2,1,2,2,1,4,2,1,2,1,1,1,1,2,1,2,2,1,1,1,4,4,3,2,2,4,3,1,1,3,3,2,2,1,3,2,1,1,1,2,1,2,2,19,22,15,11,18,23,15,19,16,158,53,61,42,31,50,64,42,53,44,5,6,4,3,5,6,4,5,4
68,A,36,Zapopan,Jalisco,10,4,1,8,1,2,1,1,0,0,No tengo motivo para separarme ni divorciarme,1,0,0,0,0,No,2,1,1,1,2,1,1,1,1,2,1,1,1,1,1,1,2,1,1,1,1,1,1,1,1,1,1,1,1,1,1,1,1,1,1,1,1,2,2,1,1,1,1,1,1,1,1,1,1,1,1,1,1,1,1,2,1,1,1,1,1,1,1,1,1,1,1,1,1,1,1,2,1,1,1,1,1,1,1,1,1,11,11,10,9,10,9,9,10,10,89,31,31,28,25,28,25,25,28,28,3,3,3,3,3,3,3,3,3
69,A,37,Guadalajara,Baja California,11,5,1,6,1,2,0,0,1,1,Me fue infiel,0,1,2,1,3,Depresión,4,2,4,2,4,2,4,3,4,3,2,2,2,4,4,3,4,3,1,2,1,2,4,4,2,4,2,4,4,3,2,3,2,2,2,4,4,2,4,1,4,4,3,4,3,2,2,2,1,2,4,4,2,4,2,4,4,2,4,3,2,2,2,1,2,1,1,2,2,4,3,4,3,2,4,2,2,4,2,4,4,24,22,25,15,29,29,26,28,30,228,67,61,69,42,81,81,72,78,83,7,6,7,4,8,8,7,8,8
70,A,42,Guadalajara,Tlaxcala,9,3,1,10,1,3,1,1,1,1,"No es tanto por las diferencia de familia política, amistades, hijos… es porque siento que nos estamos volviendo violentos ",1,1,6,1,1,No sé pero haymuchas discusiones agresivas. ,3,3,4,3,2,2,4,2,3,3,1,3,2,2,4,3,1,3,3,2,3,2,2,3,3,1,3,4,1,3,3,3,1,2,2,3,3,1,2,3,4,4,3,2,3,1,2,4,3,2,3,3,2,4,3,2,2,3,3,3,1,2,4,3,2,3,2,2,4,4,2,3,3,1,3,3,3,4,3,2,2,26,15,27,24,23,28,26,16,28,213,72,42,75,67,64,78,72,44,78,7,4,8,7,6,8,7,4,8
71,A,45,Zapopan ,Jalisco,10,4,1,8,0,2,0,0,1,0,No tengo motivo para separarme ni divorciarme,1,0,2,0,0,No,3,2,1,1,2,1,1,2,2,3,1,3,1,1,2,3,3,2,2,2,2,3,3,1,1,2,1,2,2,1,2,2,3,1,3,2,2,2,2,3,3,3,3,2,4,1,2,1,1,3,3,1,3,3,2,3,1,2,3,3,3,2,1,3,1,2,2,3,1,3,1,2,1,1,2,3,1,1,2,3,3,19,16,15,18,21,18,18,21,20,166,53,44,42,50,58,50,50,58,56,5,4,4,5,6,5,5,6,6
72,A,35,Guadalajara,Guerrero,8,3,1,7,1,2,0,0,1,1,"Nuestro matrimonio es un caos, parece un campo minado con tantas diferencias y discusiones absurdas. Ya estoy harto ",0,1,6,1,1,"Simplemente ella se tiene que trabajar, trae algo en la cabeza",4,4,3,3,4,2,1,4,4,2,4,4,2,4,1,4,1,2,4,2,4,2,3,4,4,3,3,4,1,4,4,2,4,4,2,3,4,4,3,3,4,1,4,2,2,4,4,4,4,2,3,4,2,3,3,4,1,4,4,2,4,4,4,4,2,2,2,4,4,1,4,4,2,2,3,4,4,3,3,2,2,31,27,28,28,31,24,29,24,27,249,86,75,78,78,86,67,81,67,75,9,8,8,8,9,7,8,7,8
73,B,34,Guadalajara,Querétaro,9,1,1,7,1,2,0,0,1,0,"En un momento pensé que la separación nos ayudaría a reconciliarnos tomar una terapia, etc pero no me quiero divorciar ",1,1,6,0,0,Parece que las cosas se han enfriado y hay cierta violencia sobre todo cuando discutimos que creo que una terapia nos pudiera aterrizar,3,3,2,2,2,2,2,3,3,2,1,4,2,2,1,2,3,2,4,2,4,2,1,2,2,2,3,3,2,3,1,2,1,3,1,2,3,3,2,2,3,2,3,3,2,1,3,1,2,2,2,3,3,2,3,3,2,3,2,2,1,3,1,4,2,2,2,2,1,2,3,3,2,1,2,2,2,2,3,2,3,25,20,22,18,18,15,21,23,21,183,69,56,61,50,50,42,58,64,58,7,6,6,5,5,4,6,6,6
74,B,30,Guadalajara,Jalisco,7,2,1,5,1,1,0,0,1,0,Yo no quiero divorciarme… quizás nos haría bien separarnos para pensar mejor las cosas. Siento que si fuéramos a terapia esto se resolvería,1,0,0,0,0,He tenido depresión y crisis de ansiedad,4,4,3,4,2,3,4,3,3,4,2,2,2,2,4,3,1,4,2,2,2,2,2,4,4,3,4,2,4,3,3,4,2,3,2,2,4,4,3,4,2,4,3,3,4,2,3,4,2,2,2,4,2,3,4,2,4,3,3,4,2,3,4,2,2,2,2,3,4,4,3,3,4,2,2,4,4,3,4,2,2,28,25,25,26,24,30,31,22,29,240,78,69,69,72,67,83,86,61,81,8,7,7,7,7,8,9,6,8
75,A,35,Guadalajara,Jalisco,9,2,1,5,0,2,1,1,0,0,No sé porqué desde hace tiempo insiste en eso y me da pesar por mis hijos,1,0,0,0,0,Nada que yo sepa,2,3,2,2,2,3,2,3,3,4,2,2,3,2,2,3,3,4,2,3,2,3,2,2,3,2,2,3,2,3,3,2,2,2,2,2,2,3,2,2,2,2,3,3,4,2,2,2,2,2,2,2,3,2,2,3,2,3,2,4,2,2,2,2,3,2,3,2,2,2,3,3,4,2,2,2,2,2,2,3,3,23,23,19,23,18,21,21,24,25,197,64,64,53,64,50,58,58,67,69,6,6,5,6,5,6,6,7,7
76,A,37,Guadalajara,Jalisco,6,2,1,8,1,2,1,1,1,1,Economía,1,1,7,0,0,Infidelidad,3,3,3,2,2,2,2,2,1,4,1,3,3,2,2,2,1,4,3,3,3,3,2,3,3,3,2,4,2,2,1,2,1,1,2,2,3,3,3,2,2,2,2,1,4,1,1,2,3,3,2,3,3,3,2,4,2,2,1,4,1,1,2,3,3,3,3,1,2,2,2,1,4,1,2,3,2,3,2,2,4,27,21,23,22,17,21,18,17,23,189,75,58,64,61,47,58,50,47,64,8,6,6,6,5,6,5,5,6
77,B,37,Guadalajara,Jalisco,11,4,1,12,1,2,0,0,1,0,No tengo motivo para separarme ni divorciarme,1,0,0,1,1,No,2,3,3,1,1,1,2,2,2,3,1,2,1,1,1,1,2,1,3,1,2,1,1,2,1,2,1,3,2,1,1,3,1,3,2,1,4,2,1,1,1,1,2,2,2,3,2,2,1,1,1,3,1,1,1,1,1,2,1,1,3,1,1,1,3,3,2,2,2,1,1,2,1,3,1,2,1,1,2,3,2,21,18,16,12,12,11,18,16,13,137,58,50,44,33,33,31,50,44,36,6,5,4,3,3,3,5,4,4
78,A,46,Tlaquepaque ,Jalisco,10,4,1,11,1,1,0,0,1,1,"Doble vida de el, tiene otra familia a la par mía que inicio a los dos meses de casado actualmente tiene 5 hijos allá ",0,1,3,1,1,Si,1,4,4,1,1,2,4,3,4,3,3,2,1,3,1,2,3,1,3,1,1,4,2,1,4,1,4,1,2,1,1,4,4,3,3,3,1,2,3,3,3,1,3,4,1,1,3,1,4,3,3,4,3,1,3,1,1,1,4,4,4,4,1,3,3,1,4,4,2,1,4,1,3,3,1,3,3,1,4,4,4,19,22,15,22,27,19,29,29,20,202,53,61,42,61,75,53,81,81,56,5,6,4,6,8,5,8,8,6
79,A,27,Guadalajara,Jalisco,10,4,1,3,1,1,0,0,1,1,No asume responsabilidad de nada. Muy inmaduro para su edad. ,0,1,6,0,0,"Inmaduro, no sé si eso es patológico",4,2,4,3,4,3,2,4,3,3,2,3,2,4,2,4,3,3,3,2,3,2,3,4,2,4,3,4,2,4,3,3,2,2,2,3,4,2,4,3,4,2,4,3,3,2,2,2,3,2,3,4,2,4,3,4,2,4,3,3,2,2,2,3,2,3,2,2,2,2,4,3,3,2,3,4,2,4,3,4,4,29,20,28,26,27,25,25,28,28,236,81,56,78,72,75,69,69,78,78,8,6,8,7,8,7,7,8,8
80,A,29,Guadalajara,Jalisco,6,2,1,3,1,1,0,0,1,1,Parece que vamos en direcciones distintas y no quisiera continuar. ,1,1,7,0,0,No hay proyecto en común ,1,3,1,4,2,2,4,4,2,2,2,2,1,2,4,4,2,2,2,1,2,1,4,4,3,1,4,2,4,4,2,2,4,3,3,4,2,3,1,4,2,4,4,2,2,2,3,3,2,1,4,4,3,1,2,2,4,4,2,2,4,3,3,2,1,2,1,3,3,4,4,2,2,4,4,4,3,1,4,2,2,17,23,23,23,21,28,34,24,22,215,47,64,64,64,58,78,94,67,61,5,6,6,6,6,8,9,7,6
81,B,36,Guadalajara,Jalisco,9,1,1,6,0,2,0,0,1,1,Control y otras cosas más,0,1,6,1,3,Control y violencia,2,4,4,2,4,2,1,3,4,2,4,2,2,4,1,2,4,2,2,2,2,2,3,2,2,4,2,4,1,3,4,2,2,3,4,3,2,4,2,2,4,1,3,4,2,4,2,2,2,2,2,2,4,4,2,4,1,3,4,2,2,3,4,2,2,2,2,3,2,1,3,4,2,4,3,2,4,2,2,4,4,22,27,21,21,30,16,18,33,29,217,61,75,58,58,83,44,50,92,81,6,8,6,6,8,4,5,9,8
82,A,43,Guadalajara ,Jalisco,10,4,1,10,1,1,1,1,1,1,No tengo motivo para separarme ni divorciarme,1,1,7,0,0,No,2,2,1,1,3,1,3,2,4,4,2,4,1,1,1,2,2,1,4,1,4,4,4,1,1,1,1,3,1,1,1,4,3,4,1,1,1,1,4,1,1,2,2,2,4,4,2,4,1,4,1,1,4,4,1,4,1,2,4,4,1,1,4,1,4,4,2,4,1,1,1,4,1,4,1,1,1,2,4,2,4,21,21,24,14,26,16,19,16,27,184,58,58,67,39,72,44,53,44,75,6,6,7,4,7,4,5,4,8
83,A,68,"Benito Juárez, Quintana Roo ",Guanajuato,10,4,1,9,1,1,0,1,0,0,No tengo motivo para separarme ni divorciarme,1,0,3,0,0,No,2,2,2,1,2,1,1,1,1,1,2,1,2,2,2,2,2,1,1,1,1,1,1,1,1,1,1,1,1,1,1,2,2,1,1,1,2,2,2,1,1,1,2,2,1,1,1,1,1,2,1,1,1,1,1,1,1,1,2,2,2,1,1,1,1,1,1,1,1,1,1,1,1,2,1,1,1,1,1,1,2,11,13,11,10,14,12,12,11,10,104,31,36,31,28,39,33,33,31,28,3,4,3,3,4,3,3,3,3
84,B,37,Guadalajara,Jalisco,8,2,1,8,1,2,0,0,1,1,"Siento que estamos muy desconectados, ya no siento lo mismo por él, me da pesar los hijos, quizás el trabajo nos ha separado. Además el ve conflicto en todo y es medio celoso",1,1,3,0,0,"Él piensa que lo estoy engañando con alguien pero no es así, mejor acabar con esto porque nomás me hace sentir mal y no quiero que eso lo aprendan mis hijos. ",3,2,3,3,2,3,2,3,3,3,3,3,1,3,2,3,1,3,3,1,3,1,2,4,2,3,3,4,2,3,3,3,3,3,2,2,3,2,3,3,3,2,3,2,3,3,3,2,3,1,2,2,2,3,3,4,2,3,3,3,3,2,2,3,1,3,1,3,2,2,2,3,3,3,2,4,2,3,3,2,2,28,21,24,22,22,24,23,19,24,207,78,58,67,61,61,67,64,53,67,8,6,7,6,6,7,6,5,7
85,A,26,Guadalajara,Jalisco,8,3,1,1,1,1,0,0,1,1,"No es sólo un motivo, sino simplemente son muchas cosas que no nos están llevando a nada, más vale que digan aquí murió a seguir ceciendo esto. ",0,1,6,0,0,Ninguna que yo sepa,1,4,4,2,3,3,2,3,1,4,2,2,4,3,2,3,1,4,2,4,2,4,4,1,4,4,2,3,2,3,1,4,2,2,4,4,1,4,4,2,3,2,3,1,4,2,2,4,2,4,4,1,4,4,2,3,2,3,1,4,2,2,4,2,4,2,4,2,4,2,3,1,4,2,4,1,4,4,2,3,3,21,27,27,23,28,26,21,25,27,225,58,75,75,64,78,72,58,69,75,6,8,8,6,8,7,6,7,8
86,A,44,Guadalajara,San Luis Potosí,8,2,1,8,1,2,0,0,1,1,"Tenemos muchos problemas como matrimonio, no tenemos comunicación ni llegamos a acuerdos, me ha dejado de atraer",1,0,0,0,0,Siento como si ella estuviera viendo a alguien más (me está poniendo el cuerno),3,4,2,3,2,4,2,3,4,4,4,2,1,2,2,3,2,4,2,1,2,1,2,3,4,2,3,4,2,3,2,2,4,3,1,2,3,4,2,3,2,2,3,2,4,4,3,2,2,1,2,3,2,2,3,4,2,2,2,4,4,3,2,2,1,2,1,3,2,2,3,4,4,4,2,3,2,2,3,2,3,29,27,19,18,18,25,27,20,28,211,81,75,53,50,50,69,75,56,78,8,8,5,5,5,7,8,6,8
87,A ,31,Guadalajara,Jalisco,9,4,1,2,0,1,0,0,1,1,Le fui infiel en un viaje con amigos. Se enteró y esto se convirtió en un infierno. ,1,1,7,0,0,Le fui infiel  ,4,4,1,3,2,2,4,3,4,3,2,1,3,2,4,3,4,3,1,3,1,3,4,4,4,1,3,2,4,3,4,3,2,3,2,4,4,4,1,3,2,4,3,4,3,2,3,2,1,3,4,4,4,1,3,2,4,3,4,3,2,3,2,1,3,1,3,3,2,4,3,4,3,2,4,4,4,1,3,2,2,23,27,18,27,27,26,30,26,26,230,64,75,50,75,75,72,83,72,72,6,8,5,8,8,7,8,7,7
88,A,27,Guadalajara,Jalisco,8,4,1,2,1,1,0,0,1,1,"Muchos motivos: su persona, su familia, sexual un desastre, gustos diferentes… no soy feliz",0,0,0,0,0,Se acabó el amor. A lo mejor ella necesita terapia,3,2,1,4,3,4,2,2,4,4,4,2,4,3,2,3,2,4,2,4,2,4,2,3,2,1,4,3,2,3,4,4,4,2,2,2,3,2,1,4,3,2,3,2,4,4,2,3,2,4,2,3,2,1,4,3,2,3,4,4,4,2,3,2,4,2,4,2,3,2,3,4,4,4,2,3,2,1,4,3,3,29,27,18,32,27,25,25,19,29,231,81,75,50,89,75,69,69,53,81,8,8,5,9,8,7,7,5,8
89,A,43,Guadalajara ,Jalisco,10,4,1,10,1,1,1,1,1,1,Conflicto ,1,1,7,0,0,No,2,2,1,1,3,1,3,2,4,4,2,4,1,1,1,2,2,1,4,1,4,4,4,1,1,1,1,3,1,1,1,4,3,4,1,1,1,1,4,1,1,2,2,2,4,4,2,4,1,4,1,1,4,4,1,4,1,2,4,4,1,1,4,1,4,4,2,4,1,1,1,4,1,4,1,1,1,2,4,2,4,21,21,24,14,26,16,19,16,27,184,58,58,67,39,72,44,53,44,75,6,6,7,4,7,4,5,4,8
90,A,39,Guadalajara,Michoacán,9,4,1,10,1,2,0,0,1,1,No hemos podido superar el tema de la intimidad y es controladora. Ya alcancé mi límite,0,1,6,0,0,Debe haber un tema sexual por ahí ,2,2,1,2,4,3,1,4,2,2,2,1,2,4,1,4,4,2,1,2,1,2,3,2,2,1,2,4,1,4,4,2,2,2,2,2,2,2,1,2,4,1,4,4,2,2,2,2,1,2,3,2,2,1,2,4,1,4,4,2,2,2,2,1,2,1,2,2,2,1,4,2,2,2,3,2,2,1,2,4,4,18,19,15,21,27,17,20,27,19,183,50,53,42,58,75,47,56,75,53,5,5,4,6,8,5,6,8,5
91,A,30,Guadalajara,Jalisco,9,5,1,3,1,2,0,0,1,1,Infidelidad ,1,1,2,0,0,Infidelidad,2,4,3,2,2,3,3,3,1,3,3,4,1,2,3,3,2,2,4,1,4,1,2,2,4,3,2,2,3,3,2,3,3,4,4,2,2,4,3,2,2,3,3,2,2,3,4,4,4,1,2,2,4,2,2,2,3,3,2,3,3,4,2,4,1,4,1,4,4,3,3,2,3,3,2,2,4,3,2,2,2,25,25,30,18,22,26,27,27,17,217,69,69,83,50,61,72,75,75,47,7,7,8,5,6,7,8,8,5
92,A,41,Guadalajara,Veracruz,7,5,1,7,1,2,1,1,1,1,Infidelidad,1,1,7,0,0,Infidelidad ,4,3,3,2,4,3,2,2,4,2,1,2,1,4,2,2,4,2,2,1,2,1,2,4,3,3,2,4,2,2,2,2,1,3,2,2,4,3,3,2,4,2,2,4,2,1,3,2,2,1,2,4,3,3,2,4,2,2,4,2,1,3,2,2,1,2,1,3,2,2,2,4,2,1,2,4,3,3,2,4,4,23,19,20,17,27,21,21,27,25,200,64,53,56,47,75,58,58,75,69,6,5,6,5,8,6,6,8,7
93,A,31,Guadalajara,Colima,8,4,1,5,1,1,0,0,1,1,"Por ciertos coqueteos por parte de ella y por más que he hablado con ella lo niega, frialdad de la relación y ella muy metida en su trabajo",0,0,0,0,0,Creo que vive una dualida: creo que me engaña y en varias ocasiones y no quiero sufrir,3,3,4,2,3,2,4,4,4,3,4,2,4,3,4,4,2,3,2,4,2,4,2,3,3,2,2,3,4,4,4,3,4,2,2,2,3,3,4,2,3,4,4,2,3,4,2,2,2,4,2,3,3,4,2,3,4,4,4,3,4,2,2,2,4,2,4,2,2,4,2,4,3,4,2,3,3,4,2,3,3,25,31,26,29,27,28,30,22,27,245,69,86,72,81,75,78,83,61,75,7,9,7,8,8,8,8,6,8
94,A,45,Guadalajara,Jalisco,11,5,1,8,1,1,0,0,1,1,Es el tema económico que ya me trae en jaque. Puros problemas ,1,1,7,1,5,Ella no puede con su estrés y perfeccionamiento. Saca problemas donde no los hay ,4,1,2,2,4,3,1,2,1,2,3,3,3,4,1,2,1,2,3,3,3,3,2,4,1,2,2,4,1,2,1,2,3,2,2,2,4,1,2,2,4,1,2,1,2,3,2,2,3,3,2,4,1,2,2,4,1,2,1,2,3,2,2,3,3,3,3,2,2,1,2,1,2,3,2,4,1,2,2,4,4,27,21,20,23,23,20,18,17,18,187,75,58,56,64,64,56,50,47,50,8,6,6,6,6,6,5,5,5
95,A,46,Guadalajara,Jalisco,9,2,1,6,0,2,0,0,1,0,"Tenemos constantes discusiones que sí llegué a pensar en una separación pero un divorcio no lo sé, pero ella ya no quiere",1,1,7,0,0,"Falta de comunicación, agresión",3,2,1,3,3,4,1,3,2,2,4,4,2,3,1,3,2,2,4,2,2,2,3,3,2,1,3,3,1,2,2,2,4,4,3,3,3,2,1,3,3,1,3,2,2,4,2,2,4,2,3,3,2,1,3,2,1,3,2,2,4,4,3,4,2,2,2,4,3,1,3,2,2,4,2,3,2,1,3,3,3,28,21,17,24,24,22,24,23,21,204,78,58,47,67,67,61,67,64,58,8,6,5,7,7,6,7,6,6
96,B,30,Guadalajara,Jalisco,8,3,1,2,0,1,0,0,1,1,Infidelidad,0,1,7,0,0,No puedo superar la infidelidad. Ansiedad y estrpes/Depresión ,2,3,4,4,4,2,4,3,4,2,2,3,3,4,4,3,4,2,1,3,1,3,3,2,3,4,4,4,4,3,4,2,2,3,1,3,2,3,4,4,4,4,3,4,2,2,3,1,1,3,3,2,3,4,4,4,4,3,4,2,2,3,1,1,3,1,3,3,1,4,3,4,2,2,3,2,3,4,4,4,4,20,27,24,27,30,24,28,29,28,237,56,75,67,75,83,67,78,81,78,6,8,7,8,8,7,8,8,8
97,A,39,Guadalajara,Nuevo León,6,2,1,9,1,2,0,0,1,1,Infidelidad,1,1,3,0,0,Infidelidad  ,3,3,3,4,3,3,3,2,4,2,1,2,3,3,3,4,4,2,1,3,1,3,4,3,3,3,4,3,3,4,4,2,1,2,2,4,3,3,3,4,3,3,4,4,2,1,2,2,1,3,4,3,3,3,4,3,3,4,4,2,1,2,2,1,3,1,3,2,2,3,4,4,2,1,4,3,3,3,4,3,3,20,22,23,29,27,24,27,27,28,227,56,61,64,81,75,67,75,75,78,6,6,6,8,8,7,8,8,8
98,B,36,Guadalajara,Jalisco,8,3,1,9,1,2,0,0,1,1,El tema de los hijos es fundamental. Estoy cansada y no logro que se comprometa. ,1,1,3,0,0,Falta de compromiso ,1,2,4,4,2,2,2,4,2,1,1,2,3,2,2,2,2,1,2,3,2,3,3,1,2,2,2,2,3,2,2,1,1,2,2,3,1,2,2,4,2,2,2,2,1,1,2,2,2,3,2,2,2,2,4,2,2,4,2,1,1,2,2,2,2,2,3,3,2,2,2,2,1,1,3,1,2,2,2,2,2,15,18,21,26,20,15,17,20,17,169,42,50,58,72,56,42,47,56,47,4,5,6,7,6,4,5,6,5
99,B,36,Guadalajara,Jalisco,9,1,1,8,1,1,0,0,1,1,Indiferencia,1,1,7,0,0,Se apagó el amor. Agresiones en el matrimonio,4,2,3,2,2,2,2,3,1,2,4,4,2,2,2,3,1,2,4,2,4,2,2,4,2,3,3,4,2,3,1,1,4,4,4,2,4,2,3,2,2,2,3,1,2,4,4,4,2,1,2,4,1,3,3,4,2,2,1,2,4,1,4,4,1,2,2,2,4,2,1,1,2,2,2,2,2,3,3,2,4,31,23,27,17,15,25,27,17,22,204,86,64,75,47,42,69,75,47,61,9,6,8,5,4,7,8,5,6
100,B,46,Tlajomulco ,Jalisco,7,1,1,10,1,3,1,1,0,0,No tengo motivo para separarme ni divorciarme,1,0,0,0,0,No,3,3,1,3,2,1,1,1,1,2,1,1,2,2,2,1,1,1,1,1,1,1,1,1,1,2,1,3,1,1,2,1,1,1,1,1,4,3,3,2,1,1,2,1,1,4,1,1,1,2,1,1,1,1,2,1,3,1,1,1,2,1,2,3,3,3,1,1,1,1,1,4,3,1,3,1,3,1,1,3,1,25,15,17,14,14,10,11,12,13,131,69,42,47,39,39,28,31,33,36,7,4,5,4,4,3,3,3,4
101,B,51,Tlajomulco de Zuñiga,Jalisco,10,1,1,10,1,3,0,0,1,0,No tengo motivo para separarme ni divorciarme,1,1,3,0,0,No,3,4,1,1,1,2,1,2,2,1,1,1,1,1,2,1,2,1,1,1,1,1,1,2,1,1,2,3,1,2,1,2,3,1,2,1,1,2,3,1,3,1,2,1,1,4,3,1,1,1,1,4,1,1,1,3,1,2,2,2,1,2,1,3,1,1,2,1,1,1,1,1,2,2,1,2,1,2,1,1,3,19,18,12,12,13,16,13,13,13,129,53,50,33,33,36,44,36,36,36,5,5,3,3,4,4,4,4,4
102,B,34,Guadalajara,Jalisco,7,2,1,7,1,2,0,0,1,0,"No me quiero divorciar, él hace grande todo. Es cierto que hay violencia pero creo que exagera",1,1,6,1,1,Una terapia nos ayudaría. No sabemos comunicarnos. ,3,3,1,4,2,3,2,4,3,4,2,4,3,2,2,4,3,4,4,3,4,3,1,3,3,1,4,2,2,4,3,4,2,3,1,1,3,3,1,4,2,2,4,3,4,2,3,1,4,3,1,3,3,1,4,2,2,2,3,4,2,3,1,4,3,4,3,3,1,2,2,3,4,2,1,3,3,1,4,2,2,30,23,22,29,23,19,27,22,23,218,83,64,61,81,64,53,75,61,64,8,6,6,8,6,5,8,6,6
103,B,30,Guadalajara,Jalisco,5,2,1,2,1,1,0,0,1,1,Incompatibilidad de carácter. No es lo que pensaba,1,0,0,0,0,No lo sé ,4,3,2,2,4,4,3,4,2,2,1,2,2,4,3,4,2,2,2,2,2,2,4,4,3,2,3,4,1,2,1,2,1,3,1,4,4,3,2,2,4,3,4,1,2,1,3,2,2,2,4,4,1,2,3,4,3,2,2,2,1,2,2,2,2,2,2,2,2,3,2,2,2,1,4,4,3,2,3,2,4,24,20,21,19,27,25,28,17,23,204,67,56,58,53,75,69,78,47,64,7,6,6,5,8,7,8,5,6
104,B,43,Guadalajara ,Jalisco,10,4,1,10,1,1,1,1,1,1,Conflicto ,1,1,7,0,0,No,2,2,1,1,3,1,3,2,4,4,2,4,1,1,1,2,2,1,4,1,4,4,4,1,1,1,1,3,1,1,1,4,3,4,1,1,1,1,4,1,1,2,2,2,4,4,2,4,1,4,1,1,4,4,1,4,1,2,4,4,1,1,4,1,4,4,2,4,1,1,1,4,1,4,1,1,1,2,4,2,4,21,21,24,14,26,16,19,16,27,184,58,58,67,39,72,44,53,44,75,6,6,7,4,7,4,5,4,8
105,B,29,Guadalajara,Jalisco,11,4,1,8,1,2,1,1,0,0,No me quiero divorciar pero son continuas discusiones sin sentido,1,1,7,0,0,Agresiones constantes,3,4,2,2,2,4,2,3,2,1,4,3,3,2,2,3,2,1,3,3,3,3,2,3,4,2,2,2,2,3,2,1,4,2,2,2,3,4,2,2,2,2,3,2,1,4,2,2,3,3,2,3,4,2,2,2,2,3,2,1,4,2,2,3,3,3,3,2,2,2,3,2,1,4,2,3,4,2,2,2,2,22,28,22,24,20,22,25,22,16,201,61,78,61,67,56,61,69,61,44,6,8,6,7,6,6,7,6,4
106,B,37,Guadalajara,Jalisco,6,3,1,7,0,2,1,1,1,1,Me fue infiel con mi prima,0,1,6,0,0,Infidelidad: no puedo y menos con quién. Tocó a mi familia,3,2,4,4,3,2,2,3,1,3,1,4,1,3,2,3,3,2,4,1,4,1,2,3,2,4,2,3,2,3,3,3,1,3,2,2,3,2,4,4,3,2,3,3,1,1,3,2,4,1,2,3,2,2,4,3,2,3,3,3,1,3,2,4,1,4,1,3,2,2,3,2,3,1,2,3,2,4,4,3,3,28,16,29,24,23,21,23,26,17,207,78,44,81,67,64,58,64,72,47,8,4,8,7,6,6,6,7,5
107,B,52,Guadalajara ,Jalisco,10,4,1,10,1,3,0,0,1,0,No tengo motivo para separarme ni divorciarme,1,0,0,0,0,No,2,1,1,1,2,1,1,2,1,1,2,1,2,2,2,1,2,1,1,1,2,2,2,2,1,1,2,2,2,1,3,2,1,2,1,1,1,2,2,2,1,1,1,1,1,1,2,2,1,2,1,1,1,1,1,1,1,1,1,1,1,1,1,1,1,2,1,1,1,1,1,2,1,2,3,1,2,1,1,1,1,11,14,15,14,15,11,10,11,11,112,31,39,42,39,42,31,28,31,31,3,4,4,4,4,3,3,3,3
108,B,37,Zapopan ,Jalisco,11,4,1,12,1,2,0,0,1,0,No tengo motivo para separarme ni divorciarme,1,0,0,1,1,No,2,3,3,1,1,1,2,2,2,3,1,2,1,1,1,1,2,1,3,1,2,1,1,2,1,2,1,3,2,1,1,3,1,3,2,1,4,2,1,1,1,1,2,2,2,3,2,2,1,1,1,3,1,1,1,1,1,2,1,1,3,1,1,1,3,3,2,2,2,1,1,2,1,3,1,2,1,1,2,3,2,21,18,16,12,12,11,18,16,13,137,58,50,44,33,33,31,50,44,36,6,5,4,3,3,3,5,4,4
109,B,48,Ocotlán ,Jalisco,11,1,1,10,1,3,0,0,1,0,No tengo motivo para separarme ni divorciarme,1,0,0,1,1,No,3,2,2,1,3,1,1,1,1,1,2,1,1,2,1,1,1,1,1,1,2,2,2,1,1,1,2,2,1,1,1,1,1,1,1,1,1,1,2,3,2,1,2,1,1,1,1,2,1,1,1,3,1,1,1,2,1,1,1,1,1,2,1,2,2,2,1,1,1,1,2,1,2,2,2,1,2,1,1,1,2,14,14,15,12,15,9,12,11,11,113,39,39,42,33,42,25,33,31,31,4,4,4,3,4,3,3,3,3
110,A ,47,Guadalajara ,Jalisco,8,5,1,11,1,2,0,0,1,0,No tengo motivo para separarme ni divorciarme,1,1,7,1,1,No,2,2,1,1,2,2,2,2,4,4,1,2,1,1,1,1,2,2,4,2,2,3,2,1,2,2,1,4,3,1,1,4,4,3,4,4,1,2,3,1,3,2,1,4,2,3,3,3,1,2,1,4,4,4,4,2,1,2,3,3,3,2,4,2,4,4,3,4,1,4,4,4,4,3,2,4,3,1,2,3,4,28,22,19,17,24,16,22,27,29,204,78,61,53,47,67,44,61,75,81,8,6,5,5,7,4,6,8,8
111,A ,36,Zapopan,Jalisco,10,4,1,8,1,2,0,1,1,0,No tengo motivo para separarme ni divorciarme,1,0,0,0,2,No,2,1,1,1,2,1,1,1,1,2,1,1,1,1,1,1,2,1,1,1,1,1,1,1,1,1,1,1,1,1,1,1,1,1,1,1,1,2,2,1,1,1,1,1,1,1,1,1,1,1,1,1,1,1,1,2,1,1,1,1,1,1,1,1,1,1,1,1,1,1,1,2,1,1,1,1,1,1,1,1,1,11,11,10,9,10,9,9,10,10,89,31,31,28,25,28,25,25,28,28,3,3,3,3,3,3,3,3,3
112,A,41,Guadalajara,Sinaloa,7,2,1,9,1,2,0,0,1,0,"Tenemos discrepancias, el tema social hace la diferencia… Se vuelca mucho a los hijos. No sé si ya no hay química",1,1,2,0,0,Rutina pero no amor,3,1,1,2,3,4,2,3,2,1,1,1,1,3,2,3,2,1,1,1,1,1,4,3,1,1,2,3,2,3,2,1,1,2,3,4,3,1,1,2,3,2,3,2,1,1,2,3,1,1,4,3,1,1,2,3,2,3,2,1,1,2,3,1,1,1,1,2,3,2,3,2,1,1,4,3,1,1,2,3,3,16,13,17,16,20,21,19,20,19,161,44,36,47,44,56,58,53,56,53,4,4,5,4,6,6,5,6,5
113,A,42,Zapopan,Sinaloa,8,5,1,10,1,4,0,0,1,0,No tengo motivo para separarme ni divorciarme,1,0,0,1,3,No,2,1,3,2,2,1,2,1,1,2,2,1,2,2,2,2,1,2,2,1,2,1,1,2,2,1,2,2,1,1,1,1,1,1,1,1,1,1,2,1,1,1,2,1,1,1,1,1,1,1,1,1,1,1,1,2,1,1,1,1,1,1,2,1,1,1,1,1,1,1,1,1,1,2,2,1,2,1,1,1,1,13,12,14,11,12,11,13,9,12,107,36,33,39,31,33,31,36,25,33,4,3,4,3,3,3,4,3,3
114,B,36,Tlajomulco ,Nuevo León,9,5,1,4,1,2,1,1,1,1,No llegar a una comprensión diálogo. ,1,1,6,0,1,No,3,4,3,1,2,2,1,2,2,2,2,2,2,1,4,1,2,3,1,3,3,2,2,2,3,1,1,2,1,1,1,2,3,1,3,1,1,4,2,1,2,2,1,4,2,1,2,1,1,1,1,2,1,2,2,1,1,1,4,4,3,2,2,4,3,1,1,3,3,2,2,1,3,2,1,1,1,2,1,2,2,19,22,15,11,18,23,15,19,16,158,53,61,42,31,50,64,42,53,44,5,6,4,3,5,6,4,5,4
115,B,51,Tlajomulco de Zuñiga,Jalisco,10,1,1,10,1,3,0,0,1,0,No tengo motivo para separarme ni divorciarme,1,1,3,0,0,No,3,4,1,1,1,2,1,2,2,1,1,1,1,1,2,1,2,1,1,1,1,1,1,2,1,1,2,3,1,2,1,2,3,1,2,1,1,2,3,1,3,1,2,1,1,4,3,1,1,1,1,4,1,1,1,3,1,2,2,2,1,2,1,3,1,1,2,1,1,1,1,1,2,2,1,2,1,2,1,1,3,19,18,12,12,13,16,13,13,13,129,53,50,33,33,36,44,36,36,36,5,5,3,3,4,4,4,4,4
116,A ,26,Guadalajara,Jalisco,11,4,1,1,1,1,0,0,1,0,No me quiero divorciar. Llegué a pensar que la separación nos ayudaría pero dar el paso al divorcio en tan poco tiempo no estoy de acuerdo ,1,1,7,0,0,Aunque estamos recien casados creo que nos falta ayuda. Siento que ella trae muchos tabues. Es cerrada. ,4,2,4,3,2,2,2,4,3,2,3,3,3,2,1,2,3,2,3,3,3,3,1,2,2,4,3,2,2,4,3,2,3,4,2,1,4,2,2,3,2,2,4,3,2,3,4,2,3,3,1,2,2,4,3,2,2,2,3,2,2,4,2,3,3,3,3,4,2,2,2,3,2,3,1,4,2,2,2,2,2,26,24,24,27,21,17,22,26,22,209,72,67,67,75,58,47,61,72,61,7,7,7,8,6,5,6,7,6
117,A,42,Guadalajara,Aguascalientes,9,2,1,10,1,2,0,0,0,0,Le fui infiel  ,1,1,7,0,0,Infidelidad,3,4,2,2,1,2,1,2,2,1,4,3,2,1,1,2,2,1,3,2,3,2,1,3,4,2,2,3,1,2,2,1,4,4,3,2,3,4,2,2,3,1,2,1,1,4,4,3,3,2,2,3,1,2,2,3,1,2,2,1,4,4,3,3,2,3,2,4,3,2,2,2,1,2,2,3,4,2,2,2,3,23,26,21,20,19,19,24,19,18,189,64,72,58,56,53,53,67,53,50,6,7,6,6,5,5,7,5,5
118,A,42,Zapopan,Jalisco,8,4,1,0,0,4,0,0,0,0,No tengo motivo para separarme ni divorciarme,1,0,0,0,1,No,1,1,1,1,1,1,1,1,3,1,1,1,1,1,1,1,1,1,1,1,1,1,1,1,1,1,1,1,1,1,1,2,1,1,1,1,1,1,1,1,1,1,1,1,1,1,1,1,1,1,1,2,1,1,1,1,1,1,1,1,1,1,1,1,1,1,1,1,1,1,1,1,1,2,1,1,1,1,1,1,1,9,10,9,9,10,9,10,9,11,86,25,28,25,25,28,25,28,25,31,3,3,3,3,3,3,3,3,3
119,B,46,Tonala,Jalisco,10,3,1,8,1,2,1,1,1,0,No tengo motivo para separarme ni divorciarme,1,0,0,0,0,No,3,4,1,1,1,1,1,2,1,2,2,1,1,2,1,1,2,1,3,1,1,1,1,1,1,1,2,2,3,1,1,1,1,1,3,1,1,2,3,1,2,1,1,1,1,2,2,1,1,1,1,1,2,3,3,2,1,2,3,3,2,2,2,2,2,1,1,1,1,1,2,1,2,2,1,2,2,1,1,3,3,20,20,11,11,14,11,10,18,15,130,56,56,31,31,39,31,28,50,42,6,6,3,3,4,3,3,5,4
120,B,31,Guadalajara,Jalisco,8,2,1,4,0,1,0,0,1,1,Tenemos muchos problemas que no podemos solucionar porque él evade ya sea de conexión como pareja como los contantes pleitos por dinero. Ya me cansé,1,1,7,0,0,Precisamente la violencia y agresión en nuestras discusiones,3,3,2,3,4,3,3,3,3,4,2,3,2,4,3,3,3,4,3,2,1,2,1,3,3,2,3,4,1,2,3,4,2,3,1,1,3,2,1,3,4,3,3,3,4,2,2,1,3,2,1,3,3,2,3,2,2,3,3,4,2,3,1,3,1,2,2,3,1,3,3,3,4,2,1,3,3,2,3,2,2,29,17,15,24,28,22,26,23,23,207,81,47,42,67,78,61,72,64,64,8,5,4,7,8,6,7,6,6
121,B,35,Guadalajara,Jalisco,9,2,1,9,1,2,1,1,1,1,Infidelidad,1,1,6,1,5,No estoy tan segura de lo que quiero pero no puedo superar la infidelidad. Lo que me hizo me da mucho coraje,1,2,4,4,3,3,2,4,4,2,2,4,2,3,2,4,2,3,2,2,4,2,4,1,2,4,4,2,2,4,4,3,2,4,2,4,1,2,4,4,3,2,4,2,3,2,4,2,4,2,4,1,2,4,2,3,2,4,4,3,2,4,2,2,2,4,2,4,2,2,4,4,3,2,4,1,2,4,4,3,3,17,21,32,27,28,23,25,27,31,231,47,58,89,75,78,64,69,75,86,5,6,9,8,8,6,7,8,9
122,B,35,Guadalajara,Jalisco,9,1,1,8,1,2,1,1,1,1,"No veo nada grave, pero no encontramos salida en lo económico y otras cosas más",1,1,6,0,0,"Jaígr nada grave, praveo nadmlo económiimación, alásnoencontramos salida en lo económico",2,4,2,3,2,3,4,3,2,3,1,3,2,2,4,3,2,2,3,2,3,2,1,2,4,2,3,3,4,3,2,1,1,1,1,2,2,4,2,3,2,4,3,2,2,1,1,1,3,2,2,2,4,2,3,3,4,1,2,3,1,1,1,3,2,3,2,1,1,4,3,1,3,1,2,2,4,2,3,1,3,23,22,23,20,17,22,25,19,18,189,64,61,64,56,47,61,69,53,50,6,6,6,6,5,6,7,5,5
123,B,27,Guadalajara,Jalisco,11,4,1,4,1,1,1,1,1,1,Infidelidad,1,1,7,1,4,No sólo me es infiel sino que tiene una adicción a la pornografía,3,3,4,4,4,2,1,3,4,2,3,4,3,4,1,3,4,2,4,1,4,1,3,2,2,4,4,4,1,3,4,2,2,2,3,3,3,3,2,4,4,1,3,4,2,3,2,4,4,1,2,2,3,4,4,4,1,3,4,2,2,2,4,4,1,4,1,2,2,1,3,4,2,3,3,3,3,1,2,4,4,29,21,29,27,27,15,18,30,31,227,81,58,81,75,75,42,50,83,86,8,6,8,8,8,4,5,8,9
124,B,25,Guadalajara,Jalisco,9,1,1,5,1,1,0,0,1,1,Ya no quiero. Son muchas las peleas y pleitos. El tema familia es todo un rollo y ya estoy cansado. No quiero hacerle daño a mi hijo con nuestra situaciones ,0,1,6,0,0,No creo que esto tenga solución. El es inmaduro y ya me dan miedo sus reaccones ,3,2,4,4,4,3,4,2,1,3,4,4,4,4,4,4,1,3,4,4,4,4,2,3,2,4,4,4,4,4,1,3,4,2,2,2,3,2,4,4,4,4,4,1,3,4,2,4,4,4,2,3,2,4,4,4,4,4,1,3,4,2,4,4,4,4,4,2,4,4,4,1,3,4,2,3,2,4,4,4,4,32,30,34,32,26,31,31,22,26,264,89,83,94,89,72,86,86,61,72,9,8,9,9,7,9,9,6,7
125,B,43,Guadalajara ,Jalisco,10,4,1,10,1,1,1,1,1,1,No tengo motivo para separarme ni divorciarme,1,1,7,0,0,No,2,2,1,1,3,1,3,2,4,4,2,4,1,1,1,2,2,1,4,1,4,4,4,1,1,1,1,3,1,1,1,4,3,4,1,1,1,1,4,1,1,2,2,2,4,4,2,4,1,4,1,1,4,4,1,4,1,2,4,4,1,1,4,1,4,4,2,4,1,1,1,4,1,4,1,1,1,2,4,2,4,21,21,24,14,26,16,19,16,27,184,58,58,67,39,72,44,53,44,75,6,6,7,4,7,4,5,4,8
126,B,42,Zapopan,Jalisco,8,4,1,0,0,4,0,0,0,0,No tengo motivo para separarme ni divorciarme,1,0,0,0,0,No,1,1,1,1,1,1,1,1,3,1,1,1,1,1,1,1,1,1,1,1,1,1,1,1,1,1,1,1,1,1,1,2,1,1,1,1,1,1,1,1,1,1,1,1,1,1,1,1,1,1,1,2,1,1,1,1,1,1,1,1,1,1,1,1,1,1,1,1,1,1,1,1,1,2,1,1,1,1,1,1,1,9,10,9,9,10,9,10,9,11,86,25,28,25,25,28,25,28,25,31,3,3,3,3,3,3,3,3,3
127,B,29,Guadalajara,Jalisco,9,3,1,3,1,2,0,0,1,1,Infidelidad,1,1,3,0,0,Infidelidad,4,3,2,2,3,4,1,4,2,3,3,2,1,3,1,4,2,3,2,2,2,2,2,4,3,2,4,3,1,4,2,3,3,2,1,2,4,3,2,2,3,1,4,2,3,3,2,1,2,2,2,4,3,2,4,3,1,2,2,3,3,2,1,2,2,2,2,2,1,1,4,2,3,3,2,2,3,2,4,3,3,28,22,18,17,23,21,26,23,22,200,78,61,50,47,64,58,72,64,61,8,6,5,5,6,6,7,6,6
128,B,40,Guadalajara,Jalisco,10,3,1,8,1,1,0,0,1,1,Ni siquiera pensé en separarme sino directamente al divorcio. Son muchas cosas con las cuales ya no pienso lidiar. ¿será incompatibilidad de caracteres?,0,1,7,0,0,"Estrés, depresión, ansiedad",3,2,3,3,2,4,3,3,2,4,4,4,3,2,3,3,2,4,4,3,4,3,3,3,2,3,3,2,3,3,2,4,4,3,4,3,3,2,3,3,2,3,3,2,4,4,3,4,4,3,3,3,2,3,3,2,3,3,2,4,4,3,4,4,3,4,3,3,4,3,3,2,4,4,3,3,2,3,3,2,2,31,26,31,27,23,31,27,24,27,247,86,72,86,75,64,86,75,67,75,9,7,9,8,6,9,8,7,8
129,B,34,Zapopan ,Jalisco,10,2,1,9,1,2,1,1,1,0,No tengo motivo para separarme ni divorciarme,1,0,0,0,0,Si,2,1,1,4,2,3,2,2,3,3,1,1,4,2,3,2,2,1,4,1,4,3,1,3,2,1,2,3,1,1,3,1,3,1,1,1,4,2,4,4,1,1,3,2,1,3,1,3,2,2,3,3,3,2,2,4,3,1,2,2,1,2,4,2,4,2,1,4,2,1,2,3,2,3,3,2,3,3,2,2,3,25,18,22,24,18,23,17,17,20,184,69,50,61,67,50,64,47,47,56,7,5,6,7,5,6,5,5,6
130,B,30,Guadalajara ,Jalisco,10,2,1,5,1,2,0,0,0,0,No tengo motivo para separarme ni divorciarme,0,0,0,0,1,No,1,1,1,1,2,1,1,1,1,1,1,2,1,1,1,1,1,1,1,1,1,2,1,1,1,1,1,1,1,1,1,1,1,1,1,1,1,1,1,1,1,1,1,1,1,1,1,1,1,1,1,1,1,1,1,1,1,1,1,1,1,1,1,1,1,1,1,1,1,1,1,1,1,1,1,1,1,1,1,1,1,9,9,10,10,10,9,9,9,9,84,25,25,28,28,28,25,25,25,25,3,3,3,3,3,3,3,3,3
131,B,35,Zapopan ,Jalisco,12,5,1,3,1,1,0,0,1,0,No tengo motivo para separarme ni divorciarme,1,0,0,0,0,"Yo tomo paroxetina, Alprazolam y pregabalina ",2,1,1,2,2,2,1,2,3,1,1,1,1,4,2,1,1,1,2,1,2,2,1,1,1,1,2,2,1,1,1,1,1,1,1,3,1,1,2,4,3,1,2,1,2,1,1,2,1,1,1,1,2,1,1,2,1,2,2,2,1,1,2,1,2,1,2,2,1,2,1,1,1,2,1,1,3,2,2,1,2,12,12,12,16,19,13,12,11,17,124,33,33,33,44,53,36,33,31,47,3,3,3,4,5,4,3,3,5
132,B,49,guanajuato,Aguascalientes,10,4,1,6,1,2,1,1,1,0,No tengo motivo para separarme ni divorciarme,1,0,0,1,4,No,2,3,1,1,1,1,2,3,2,1,2,2,1,2,1,1,3,1,1,1,2,2,2,2,1,1,1,2,1,3,1,1,2,2,2,1,1,2,2,2,3,1,3,2,1,1,1,2,1,1,3,1,2,1,2,3,1,1,2,2,4,2,1,2,3,1,1,2,1,1,2,1,2,3,1,2,2,2,2,3,3,14,19,15,12,16,15,17,20,12,140,39,53,42,33,44,42,47,56,33,4,5,4,3,4,4,5,6,3
133,A,43,Guadalajara ,Jalisco,10,4,1,10,1,1,1,1,1,1,No tengo motivo para separarme ni divorciarme,1,1,7,0,0,No,2,2,1,1,3,1,3,2,4,4,2,4,1,1,1,2,2,1,4,1,4,4,4,1,1,1,1,3,1,1,1,4,3,4,1,1,1,1,4,1,1,2,2,2,4,4,2,4,1,4,1,1,4,4,1,4,1,2,4,4,1,1,4,1,4,4,2,4,1,1,1,4,1,4,1,1,1,2,4,2,4,21,21,24,14,26,16,19,16,27,184,58,58,67,39,72,44,53,44,75,6,6,7,4,7,4,5,4,8
134,B,36,Guadalajara,Jalisco,8,1,1,7,0,2,1,1,1,1,Infidelidad ,0,1,3,1,3,Me fue infiel y lo caché. Contraté un investigador aunque ya lo sabía. ,2,2,4,3,2,2,3,4,3,3,2,2,2,2,3,4,3,3,2,2,2,1,2,2,2,4,3,3,3,4,1,2,2,3,1,3,2,2,2,1,3,3,4,3,3,2,3,1,2,2,3,2,2,4,3,3,3,1,2,2,2,3,1,2,2,2,2,1,1,3,4,3,3,2,3,2,2,4,3,3,3,22,21,23,15,18,22,26,27,26,200,61,58,64,42,50,61,72,75,72,6,6,6,4,5,6,7,8,7
135,A,34,Zapopan ,Jalisco,10,2,1,9,1,2,1,1,1,0,No tengo motivo para separarme ni divorciarme,1,0,0,0,0,Hubo tratamiento psiquiátrico hace 4 años. Dificultades en intimidad conyugal,2,1,1,4,2,3,2,2,3,3,1,1,4,2,3,2,2,1,4,1,4,3,1,3,2,1,2,3,1,1,3,1,3,1,1,1,4,2,4,4,1,1,3,2,1,3,1,3,2,2,3,3,3,2,2,4,3,1,2,2,1,2,4,2,4,2,1,4,2,1,2,3,2,3,3,2,3,3,2,2,3,25,18,22,24,18,23,17,17,20,184,69,50,61,67,50,64,47,47,56,7,5,6,7,5,6,5,5,6
136,B,51,Tlajomulco de Zuñiga,Jalisco,10,1,1,10,1,3,0,0,1,0,No tengo motivo para separarme ni divorciarme,1,1,3,0,0,No,3,4,1,1,1,2,1,2,2,1,1,1,1,1,2,1,2,1,1,1,1,1,1,2,1,1,2,3,1,2,1,2,3,1,2,1,1,2,3,1,3,1,2,1,1,4,3,1,1,1,1,4,1,1,1,3,1,2,2,2,1,2,1,3,1,1,2,1,1,1,1,1,2,2,1,2,1,2,1,1,3,19,18,12,12,13,16,13,13,13,129,53,50,33,33,36,44,36,36,36,5,5,3,3,4,4,4,4,4
137,A ,35,Guadalajara,Jalisco,9,2,1,5,1,1,0,0,1,0,No me quiero divorciar. Tenemos constantes problemas y no sabemos llegar acuerdos. Su familia le lava el cerebro. Pensé en la separación como ver la manera que quizás un tiempo pero ella no quiere. ,1,1,7,0,0,Ella no ha querido tener otro hijo y eso me ha costado mucho. ,4,3,2,3,3,2,4,3,2,4,3,2,2,3,4,3,2,2,2,4,2,2,2,4,3,2,3,3,4,3,2,2,3,4,2,2,4,3,2,3,3,4,3,2,2,3,4,1,2,4,2,4,3,2,3,3,1,3,2,4,3,4,2,2,2,2,4,4,2,4,3,2,4,2,2,4,3,2,3,3,3,29,28,17,25,26,27,31,24,20,227,81,78,47,69,72,75,86,67,56,8,8,5,7,7,8,9,7,6
138,A,45,Tlajomulco,Jalisco,10,4,1,7,1,3,0,1,1,0,"No quisiera, pero si lo hemos mencionado. No podemos solucionar conflictos, no sabemos hablarlos y escucharnos",1,1,6,0,1,No,2,2,3,3,3,1,2,2,3,3,3,1,3,3,2,2,2,1,3,2,2,2,2,3,3,2,1,2,2,2,3,3,2,2,3,2,2,2,4,2,3,1,3,3,2,2,2,2,2,2,2,3,3,3,2,2,1,2,2,2,2,2,3,2,2,1,3,3,2,1,2,2,2,2,2,2,2,2,2,3,3,20,19,18,22,23,17,20,22,20,181,56,53,50,61,64,47,56,61,56,6,5,5,6,6,5,6,6,6
139,B,48,Ocotlán ,Jalisco,11,1,1,10,1,3,0,0,1,0,No tengo motivo para separarme ni divorciarme,1,0,0,1,1,No,3,2,2,1,3,1,1,1,1,1,2,1,1,2,1,1,1,1,1,1,2,2,2,1,1,1,2,2,1,1,1,1,1,1,1,1,1,1,2,3,2,1,2,1,1,1,1,2,1,1,1,3,1,1,1,2,1,1,1,1,1,2,1,2,2,2,1,1,1,1,2,1,2,2,2,1,2,1,1,1,2,14,14,15,12,15,9,12,11,11,113,39,39,42,33,42,25,33,31,31,4,4,4,3,4,3,3,3,3
140,B,35,Guadalajara,Jalisco,8,3,1,5,0,2,0,0,0,0,El dice economía pero es mi adicción al juego,1,1,7,1,5,Mi adicción a los casino pero él también tiene adicción a su hobbie (motos),3,2,3,3,4,2,2,2,2,3,2,2,2,4,2,2,2,3,2,2,2,2,3,2,2,2,3,4,2,2,2,2,2,2,2,3,3,2,2,3,4,2,2,2,3,3,2,2,2,2,2,2,2,3,3,2,2,2,2,2,2,2,2,2,2,2,2,2,2,2,2,2,3,2,2,3,2,2,2,1,4,26,18,19,21,25,18,18,17,25,187,72,50,53,58,69,50,50,47,69,7,5,5,6,7,5,5,5,7
141,B,41,Guadalajara,Jalisco,8,3,1,9,1,2,1,1,1,1,Quiere que me suma a él pero sólo piensa en él. En la economía es un desastre y su familia ni hablar. Ya no quiero discusiones ,0,1,4,1,4,"Violencia , ataques y agresiones",4,4,4,3,4,2,3,2,1,3,4,4,1,4,3,4,1,3,4,1,4,1,4,4,4,2,3,4,3,4,1,3,4,2,2,4,4,4,4,3,4,3,4,1,3,4,2,4,4,1,4,4,2,4,3,4,3,4,1,3,4,2,4,4,1,4,1,2,4,3,2,1,3,4,4,4,4,4,3,2,2,33,27,35,22,27,31,31,16,25,247,92,75,97,61,75,86,86,44,69,9,8,10,6,8,9,9,4,7
142,B,42,Zapopan,Zacatecas,8,5,1,10,1,4,1,0,0,0,No tengo motivo para separarme ni divorciarme,1,0,0,1,1,No,2,1,3,2,2,1,2,1,1,2,2,1,2,2,2,2,1,2,2,1,2,1,1,2,2,1,2,2,1,1,1,1,1,1,1,1,1,1,2,1,1,1,2,1,1,1,1,1,1,1,1,1,1,1,1,2,1,1,1,1,1,1,2,1,1,1,1,1,1,1,1,1,1,2,2,1,2,1,1,1,1,13,12,14,11,12,11,13,9,12,107,36,33,39,31,33,31,36,25,33,4,3,4,3,3,3,4,3,3
143,B,35,Zapopan ,Jalisco,12,5,1,3,1,1,1,0,1,0,No tengo motivo para separarme ni divorciarme,1,0,0,0,0,Si,2,1,1,2,2,2,1,2,3,1,1,1,1,4,2,1,1,1,2,1,2,2,1,1,1,1,2,2,1,1,1,1,1,1,1,3,1,1,2,4,3,1,2,1,2,1,1,2,1,1,1,1,2,1,1,2,1,2,2,2,1,1,2,1,2,1,2,2,1,2,1,1,1,2,1,1,3,2,2,1,2,12,12,12,16,19,13,12,11,17,124,33,33,33,44,53,36,33,31,47,3,3,3,4,5,4,3,3,5
144,B,36,Guadalajara,Jalisco,9,1,1,10,1,3,1,1,1,1,"Se han acumulado tantas diferencias que he perdido la paz con él y la casa, me duelen mis hijos pero creo que es lo mejor. No puedo soportar a veces su indiferencia o falta de compromiso y colaboración. ",1,1,7,1,7,son sus adicciones a tantas cosas y me da miedo las situaciones que se salen de control ,2,4,2,3,3,2,2,2,4,4,4,4,2,3,2,3,2,4,4,2,4,2,2,2,4,1,3,3,2,3,4,4,4,2,2,2,2,4,2,3,3,2,3,2,4,4,2,2,4,2,2,2,2,2,3,3,2,3,4,4,4,2,2,4,2,4,2,2,2,2,2,4,4,4,2,2,4,2,3,1,3,30,27,25,25,27,22,25,16,28,225,83,75,69,69,75,61,69,44,78,8,8,7,7,8,6,7,4,8
145,B,47,Guadalajara ,Jalisco,8,5,1,11,0,2,1,0,1,0,No tengo motivo para separarme ni divorciarme,1,1,7,1,1,No,2,2,1,1,2,2,2,2,4,4,1,2,1,1,1,1,2,2,4,2,2,3,2,1,2,2,1,4,3,1,1,4,4,3,4,4,1,2,3,1,3,2,1,4,2,3,3,3,1,2,1,4,4,4,4,2,1,2,3,3,3,2,4,2,4,4,3,4,1,4,4,4,4,3,2,4,3,1,2,3,4,28,22,19,17,24,16,22,27,29,204,78,61,53,47,67,44,61,75,81,8,6,5,5,7,4,6,8,8
146,B,47,Guadalajara ,Jalisco,8,5,1,11,0,2,1,0,1,0,No tengo motivo para separarme ni divorciarme,1,1,7,1,1,No,2,2,1,1,2,2,2,2,4,4,1,2,1,1,1,1,2,2,4,2,2,3,2,1,2,2,1,4,3,1,1,4,4,3,4,4,1,2,3,1,3,2,1,4,2,3,3,3,1,2,1,4,4,4,4,2,1,2,3,3,3,2,4,2,4,4,3,4,1,4,4,4,4,3,2,4,3,1,2,3,4,28,22,19,17,24,16,22,27,29,204,78,61,53,47,67,44,61,75,81,8,6,5,5,7,4,6,8,8
147,A ,52,Guadalajara ,Jalisco,10,4,1,10,1,3,1,0,0,0,No tengo motivo para separarme ni divorciarme,1,0,0,0,0,No,2,1,1,1,2,1,1,2,1,1,2,1,2,2,2,1,2,1,1,1,2,2,2,2,1,1,2,2,2,1,3,2,1,2,1,1,1,2,2,2,1,1,1,1,1,1,2,2,1,2,1,1,1,1,1,1,1,1,1,1,1,1,1,1,1,2,1,1,1,1,1,2,1,2,3,1,2,1,1,1,1,11,14,15,14,15,11,10,11,11,112,31,39,42,39,42,31,28,31,31,3,4,4,4,4,3,3,3,3
148,A,39,Guadalajara,Jalisco,10,4,1,6,1,1,1,1,1,1,Siento que vamos por caminos diferentes parecemos rommies,1,0,0,0,0,,3,2,4,1,2,3,3,4,2,1,3,2,1,2,3,4,2,1,2,3,2,3,2,3,2,2,2,2,3,4,2,1,3,3,2,2,2,2,4,2,2,3,4,2,1,2,3,2,2,3,2,3,2,3,2,4,3,2,2,1,3,3,2,2,3,2,2,3,2,3,2,2,1,3,2,2,2,4,2,3,3,17,26,25,17,19,24,27,22,18,195,47,72,69,47,53,67,75,61,50,5,7,7,5,5,7,8,6,5
149,A,42,Guadalajara,Puebla,6,3,1,9,1,2,1,1,1,1,No podemos tener un proyecto en común o planear a futuro. Su inseguridad no la puedo soportar ya,0,1,4,1,1,La violencia,3,2,2,3,2,3,4,3,1,3,4,2,1,2,4,3,1,2,2,1,2,1,4,3,2,2,2,2,4,3,1,3,4,2,2,2,3,2,2,3,2,4,3,1,3,4,2,2,2,1,4,3,2,2,3,2,4,3,1,3,4,2,2,2,1,2,1,2,2,4,3,1,3,4,4,3,2,2,3,2,2,25,22,23,18,19,29,28,18,17,199,69,61,64,50,53,81,78,50,47,7,6,6,5,5,8,8,5,5
150,A,38,Guadalajara,Nuevo León,9,5,1,8,1,1,0,0,1,1,Incompatibilidad de caracteres,0,1,3,0,0,Las agresiones por las discusiones ,4,3,4,4,3,3,3,4,1,1,4,2,2,3,3,4,1,1,2,2,2,2,4,4,3,4,4,3,2,2,1,1,4,3,2,4,4,3,2,4,3,3,4,1,1,4,2,2,2,2,4,2,3,4,4,2,3,4,1,1,4,2,3,2,2,2,2,3,3,2,1,1,1,2,2,4,3,2,2,2,3,25,22,21,25,23,27,27,20,22,212,69,61,58,69,64,75,75,56,61,7,6,6,7,6,8,8,6,6
151,A ,45,Zapopan ,Jalisco,10,4,1,8,0,2,0,0,1,0,No tengo motivo para separarme ni divorciarme,1,0,2,0,0,No,3,2,1,1,2,1,1,2,2,3,1,3,1,1,2,3,3,2,2,2,2,3,3,1,1,2,1,2,2,1,2,2,3,1,3,2,2,2,2,3,3,3,3,2,4,1,2,1,1,3,3,1,3,3,2,3,1,2,3,3,3,2,1,3,1,2,2,3,1,3,1,2,1,1,2,3,1,1,2,3,3,19,16,15,18,21,18,18,21,20,166,53,44,42,50,58,50,50,58,56,5,4,4,5,6,5,5,6,6
152,A,41,Guadalajara,Jalisco,10,3,1,9,1,2,1,1,1,1,No ha podido superar la infidelidad y nos está llevando al borde todo un poco. Prefiero seguir con la fiesta en paz,1,1,4,0,0,Le fui infiel y me descubrió y no supe cómo manejar la situación porque era una amiga de ella. ,2,3,3,3,2,2,3,3,4,1,3,3,1,2,3,3,4,1,2,1,3,1,1,2,3,3,3,2,3,3,4,1,3,3,2,1,2,3,3,3,2,3,3,2,1,2,3,4,3,1,1,2,3,3,2,2,3,3,4,1,3,3,4,2,1,3,1,3,4,3,3,4,1,3,1,2,3,3,3,2,2,16,22,26,21,19,22,26,25,23,200,44,61,72,58,53,61,72,69,64,4,6,7,6,5,6,7,7,6
153,B,41,Guadalajara,Jalisco,12,3,1,6,0,2,0,0,1,1,Me fue infiel. ,0,1,7,0,0,Infidelidad no puedo perdonar. Lástima por mis hijos,3,2,2,2,3,3,1,2,2,2,3,2,3,3,1,4,4,2,2,3,2,3,3,3,2,2,2,3,1,4,4,2,3,2,2,1,3,2,2,2,3,1,4,4,2,3,2,2,2,3,3,3,2,2,2,3,1,4,4,2,3,2,2,2,3,2,3,2,2,1,2,2,2,3,3,3,2,2,2,3,3,22,22,20,26,25,20,22,23,18,198,61,61,56,72,69,56,61,64,50,6,6,6,7,7,6,6,6,5
154,B,27,Guadalajara,Jalisco,10,5,1,2,0,1,0,0,0,0,No quiero divorciarme ,1,1,7,1,1,"Si el quisiera sí, según eso yo necesito ayuda, pero él no trata su alcoholismo y encima sí me violenta verbal y emocional",4,2,2,2,3,4,4,3,3,2,3,2,4,3,4,3,3,2,2,4,2,4,3,4,2,2,2,3,4,3,3,2,3,3,2,3,4,2,2,2,3,4,3,3,2,3,3,4,2,4,3,4,2,2,2,3,4,3,3,2,3,3,4,2,4,2,4,3,4,4,3,3,2,3,3,4,2,2,2,3,3,24,28,24,28,26,30,28,24,24,236,67,78,67,78,72,83,78,67,67,7,8,7,8,7,8,8,7,7
155,A ,41,Guadalajara ,Jalisco,11,2,1,11,0,2,0,0,1,0,No tengo motivo para separarme ni divorciarme,1,0,7,0,0,No,3,2,2,1,3,1,2,2,2,3,1,2,2,1,1,2,3,1,3,1,1,2,3,1,2,1,4,2,1,1,1,2,3,3,3,2,2,2,3,4,2,2,4,4,2,4,4,2,1,4,2,3,2,3,1,2,1,3,2,2,1,3,3,2,1,3,3,3,2,2,3,3,2,2,4,3,3,1,4,3,4,22,16,19,20,23,15,23,24,24,186,61,44,53,56,64,42,64,67,67,6,4,5,6,6,4,6,7,7
156,B,29,Guadalajara,Jalisco,9,4,1,5,1,1,0,0,1,1,Infidelidad,0,1,3,1,1,Infidelidad,3,2,4,2,3,3,1,3,3,3,3,4,2,3,1,3,3,3,4,2,4,2,1,3,2,4,2,3,1,3,3,3,2,2,1,1,3,2,2,2,3,1,3,3,2,3,2,1,4,2,1,2,2,2,2,3,1,3,3,2,2,2,1,4,2,4,2,2,1,1,3,2,3,3,1,3,2,2,2,3,3,28,20,24,23,22,16,18,24,19,194,78,56,67,64,61,44,50,67,53,8,6,7,6,6,4,5,7,5
157,A,38,Guadalajara,Yucatán,11,4,1,5,0,2,0,0,1,1,Economía,0,1,7,1,3,Su adicción a los casino ,4,2,2,4,3,4,4,4,1,4,3,3,3,3,4,4,1,4,3,3,3,3,3,4,2,2,4,3,4,4,1,4,3,2,1,3,4,2,2,4,3,4,4,1,4,3,2,1,3,3,3,4,2,2,4,3,4,4,1,4,3,2,1,3,3,3,3,2,1,4,4,1,4,3,3,4,2,2,2,3,3,32,25,25,29,24,29,29,20,23,236,89,69,69,81,67,81,81,56,64,9,7,7,8,7,8,8,6,6
158,B,46,Tlajomulco ,Jalisco,7,1,1,10,1,3,1,1,1,0,No tengo motivo para separarme ni divorciarme,1,0,0,0,3,No,3,3,1,3,2,1,1,1,1,2,1,1,2,2,2,1,1,1,1,1,1,1,1,1,1,2,1,3,1,1,2,1,1,1,1,1,4,3,3,2,1,1,2,1,1,4,1,1,1,2,1,1,1,1,2,1,3,1,1,1,2,1,2,3,3,3,1,1,1,1,1,4,3,1,3,1,3,1,1,3,1,25,15,17,14,14,10,11,12,13,131,69,42,47,39,39,28,31,33,36,7,4,5,4,4,3,3,3,4
159,B,29,Guadalajara ,Jalisco,6,1,1,10,1,2,1,0,1,0,No tengo motivo para separarme ni divorciarme,1,0,0,0,0,No,2,1,1,1,2,1,1,1,1,2,1,1,1,1,1,1,1,2,2,1,1,2,1,1,2,1,2,2,1,1,1,1,4,1,1,1,2,1,2,2,1,1,1,1,2,1,1,1,1,1,1,1,1,1,1,2,1,1,1,1,1,1,1,1,1,1,1,1,1,1,1,1,1,1,1,1,2,1,1,1,1,14,10,10,11,11,12,10,9,12,99,39,28,28,31,31,33,28,25,33,4,3,3,3,3,3,3,3,3
160,B,35,Guadalajara,Jalisco,11,1,1,6,1,2,0,0,1,1,Es sumamente controlador y manipulador,1,1,2,1,2,él consume drogas con relativa frecuencia (marihuana),2,4,4,3,4,3,3,4,3,1,1,3,1,4,3,4,3,1,1,2,1,1,3,2,4,4,3,4,3,4,2,1,1,2,1,3,2,4,4,2,4,3,4,3,1,1,2,1,1,2,3,2,4,4,3,4,3,2,3,1,1,2,1,1,2,1,2,2,1,3,4,3,1,1,3,2,4,4,3,4,4,16,23,24,16,27,21,26,29,23,205,44,64,67,44,75,58,72,81,64,4,6,7,4,8,6,7,8,6
161,B,50,"Benito Juárez, Quintana Roo ",Yucatán,10,4,1,9,1,1,0,1,0,0,No tengo motivo para separarme ni divorciarme,1,0,0,0,0,No,2,2,2,1,2,1,1,1,1,1,2,1,2,2,2,2,2,1,1,1,1,1,1,1,1,1,1,1,1,1,1,2,2,1,1,1,2,2,2,1,1,1,2,2,1,1,1,1,1,2,1,1,1,1,1,1,1,1,2,2,2,1,1,1,1,1,1,1,1,1,1,1,1,2,1,1,1,1,1,1,2,11,13,11,10,14,12,12,11,10,104,31,36,31,28,39,33,33,31,28,3,4,3,3,4,3,3,3,3
162,A ,51,Tlajomulco de Zuñiga,Jalisco,10,1,1,10,1,3,0,0,Sí,0,No tengo motivo para separarme ni divorciarme,1,1,3,0,2,No,3,4,1,1,1,2,1,2,2,1,1,1,1,1,2,1,2,1,1,1,1,1,1,2,1,1,2,3,1,2,1,2,3,1,2,1,1,2,3,1,3,1,2,1,1,4,3,1,1,1,1,4,1,1,1,3,1,2,2,2,1,2,1,3,1,1,2,1,1,1,1,1,2,2,1,2,1,2,1,1,3,19,18,12,12,13,16,13,13,13,129,53,50,33,33,36,44,36,36,36,5,5,3,3,4,4,4,4,4
163,A ,33,Guadalajara,Jalisco,9,5,1,4,0,1,0,0,0,0,No quiero divorciarme ,1,1,3,0,0,Debe de tener ella un tipo de bipolaridad. No hay quien la entienda,2,3,3,4,3,2,1,4,2,3,2,2,2,3,1,4,2,2,4,2,2,2,1,2,3,3,2,3,2,2,2,3,2,3,2,1,2,2,2,4,3,1,4,2,3,2,2,2,4,2,1,2,3,3,4,2,1,4,2,3,2,3,2,4,2,2,2,3,2,1,2,2,3,2,1,2,3,3,4,3,3,27,19,17,26,23,17,24,24,20,197,75,53,47,72,64,47,67,67,56,8,5,5,7,6,5,7,7,6
164,B,35,Zapopan ,Jalisco,12,5,1,3,1,1,0,0,0,0,No tengo motivo para separarme ni divorciarme,1,0,0,0,0,Si,2,1,1,2,2,2,1,2,3,1,1,1,1,4,2,1,1,1,2,1,2,2,1,1,1,1,2,2,1,1,1,1,1,1,1,3,1,1,2,4,3,1,2,1,2,1,1,2,1,1,1,1,2,1,1,2,1,2,2,2,1,1,2,1,2,1,2,2,1,2,1,1,1,2,1,1,3,2,2,1,2,12,12,12,16,19,13,12,11,17,124,33,33,33,44,53,36,33,31,47,3,3,3,4,5,4,3,3,5
165,B,42,Guadalajara,Jalisco,7,2,1,10,1,2,0,0,0,0,Creo que la terapia nos puede ayudar. Aunque hemos tenido dos que no han sido exitosas creo que no tenemos nada grave para hacerlo,1,1,7,0,0,No encontramos las estrategias a pesar de haber hecho esfuerzos,1,3,3,3,2,4,1,2,2,2,2,2,2,2,1,2,3,2,2,2,2,2,3,1,3,3,1,2,1,2,3,2,2,2,2,1,1,3,3,3,2,1,2,3,2,2,2,2,2,2,3,1,3,2,3,2,1,2,3,2,2,2,2,2,2,2,2,2,2,1,2,2,2,2,3,1,3,3,3,2,2,17,19,20,20,21,19,17,22,16,171,47,53,56,56,58,53,47,61,44,5,5,6,6,6,5,5,6,4
166,B,42,Zapopan,Michoacán,8,5,1,10,1,4,0,0,0,0,No tengo motivo para separarme ni divorciarme,1,0,0,1,1,No,2,1,3,2,2,1,2,1,1,2,2,1,2,2,2,2,1,2,2,1,2,1,1,2,2,1,2,2,1,1,1,1,1,1,1,1,1,1,2,1,1,1,2,1,1,1,1,1,1,1,1,1,1,1,1,2,1,1,1,1,1,1,2,1,1,1,1,1,1,1,1,1,1,2,2,1,2,1,1,1,1,13,12,14,11,12,11,13,9,12,107,36,33,39,31,33,31,36,25,33,4,3,4,3,3,3,4,3,3
167,B,34,Zapopan ,Jalisco,10,2,1,9,1,2,1,1,1,0,No tengo motivo para separarme ni divorciarme,1,0,0,0,0,Si,2,1,1,4,2,3,2,2,3,3,1,1,4,2,3,2,2,1,4,1,4,3,1,3,2,1,2,3,1,1,3,1,3,1,1,1,4,2,4,4,1,1,3,2,1,3,1,3,2,2,3,3,3,2,2,4,3,1,2,2,1,2,4,2,4,2,1,4,2,1,2,3,2,3,3,2,3,3,2,2,3,25,18,22,24,18,23,17,17,20,184,69,50,61,67,50,64,47,47,56,7,5,6,7,5,6,5,5,6
168,B,34,Guadalajara,Jalisco,10,2,1,10,1,2,0,0,1,1,Desde hace tiempo no consigue trabajo y afecta a la economía y dinámica,1,0,0,0,0,"No hay un diagnóstico en cuanto tal, pero yo creo que está en depresión o en la flojera, creo que ya se acostumbró a no trabajar",4,4,4,3,4,4,3,3,3,4,3,3,3,4,3,3,2,4,4,3,3,3,3,3,4,4,3,4,4,4,3,4,3,3,3,3,4,4,4,3,4,3,3,2,4,4,3,3,4,3,3,3,4,4,4,4,3,3,2,4,2,2,3,3,2,2,2,2,3,3,3,2,4,2,3,3,4,4,4,4,4,35,29,29,27,30,30,28,27,30,265,97,81,81,75,83,83,78,75,83,10,8,8,8,8,8,8,8,8
169,A,46,Tlaquepaque ,Jalisco,10,4,1,11,1,1,0,0,1,0,"Doble vida de el, tiene otra familia a la par mía que inicio a los dos meses de casado actualmente tiene 5 hijos allá ",0,1,3,1,0,Descubro que siempre fue mujeriego aunque no lo parecía.,1,4,4,1,1,2,4,3,4,3,3,2,1,3,1,2,3,1,3,1,1,4,2,1,4,1,4,1,2,1,1,4,4,3,3,3,1,2,3,3,3,1,3,4,1,1,3,1,4,3,3,4,3,1,3,1,1,1,4,4,4,4,1,3,3,1,4,4,2,1,4,1,3,3,1,3,3,1,4,4,4,19,22,15,22,27,19,29,29,20,202,53,61,42,61,75,53,81,81,56,5,6,4,6,8,5,8,8,6
170,A,43,Guadalajara,Jalisco,9,2,1,10,1,3,0,0,1,1,"No sólo por un tema económico sino incuso de incompatibilidad de caracteres, siento que hay muchos problemas",1,1,2,0,0,,3,4,3,3,3,3,2,4,2,4,4,4,2,3,2,4,2,4,4,1,4,1,3,3,4,3,3,3,2,4,2,4,4,3,2,3,3,4,3,3,3,2,4,2,4,4,3,2,4,1,3,3,2,3,3,3,2,4,2,4,4,3,2,4,1,4,1,3,2,2,2,2,4,4,3,3,4,3,3,3,3,32,26,29,23,26,26,29,23,26,240,89,72,81,64,72,72,81,64,72,9,7,8,6,7,7,8,6,7
171,A,34,Guadalajara ,Jalisco,8,1,1,3,1,2,1,1,0,0,No tengo motivo para separarme ni divorciarme,1,0,0,0,0,No,2,2,2,1,1,1,2,1,1,2,1,1,1,1,2,1,2,1,2,2,2,2,2,2,1,2,2,3,1,1,2,1,1,2,1,2,1,3,1,2,1,1,1,1,2,1,2,2,1,1,2,1,1,3,1,3,1,1,1,1,1,1,2,3,2,2,1,2,1,1,1,2,2,2,2,2,1,2,2,1,2,17,18,14,13,11,13,12,11,17,126,47,50,39,36,31,36,33,31,47,5,5,4,4,3,4,3,3,5
172,A,45,Tlajomulco,Jalisco,10,4,1,7,1,3,1,1,1,0,"No quisiera, pero si lo hemos mencionado. No podemos solucionar conflictos, no sabemos hablarlos y escucharnos",1,1,7,0,1,No,2,2,3,3,3,1,2,2,3,3,3,1,3,3,2,2,2,1,3,2,2,2,2,3,3,2,1,2,2,2,3,3,2,2,3,2,2,2,4,2,3,1,3,3,2,2,2,2,2,2,2,3,3,3,2,2,1,2,2,2,2,2,3,2,2,1,3,3,2,1,2,2,2,2,2,2,2,2,2,3,3,20,19,18,22,23,17,20,22,20,181,56,53,50,61,64,47,56,61,56,6,5,5,6,6,5,6,6,6
173,B,27,Guadalajara,Jalisco,9,1,1,3,1,1,1,1,1,0,No me quiero  divorciar,1,1,7,0,0,No encuentro nada. Aunque me llama la atención el enfasis en el tema sexual ,3,4,3,2,3,3,3,3,1,2,4,2,3,3,3,3,1,2,2,3,2,3,3,3,4,3,2,3,3,3,1,2,4,3,2,2,3,4,3,2,3,3,3,1,2,4,3,2,2,3,3,3,4,2,2,3,3,3,1,2,4,3,2,2,3,2,3,3,2,3,3,1,2,4,3,3,4,3,2,1,3,23,31,23,22,25,26,28,21,17,216,64,86,64,61,69,72,78,58,47,6,9,6,6,7,7,8,6,5
174,A,35,Guadalajara,Jalisco,9,2,1,3,1,1,1,1,1,1,"No hay compatibilidad especialmente en el tema sexual, parece que me casé con una monja",1,1,2,0,0,"Creo que ella tiene traumas en el tema sexual, no sé si tuvo abusos",4,3,3,3,4,2,1,3,1,3,2,1,2,4,1,3,1,3,1,2,1,2,4,4,3,1,3,4,1,1,1,2,2,2,2,4,4,2,3,3,4,1,2,1,3,2,2,2,1,2,2,2,2,3,3,2,1,3,1,2,2,2,2,1,2,1,2,3,2,1,2,1,3,2,2,4,3,2,2,1,4,25,18,15,21,27,18,18,15,24,181,69,50,42,58,75,50,50,42,67,7,5,4,6,8,5,5,4,7
175,A,40,Guadalajara,Coahuila,11,4,1,8,1,2,1,1,1,1,El tema familia polítca,1,1,7,0,0,Sus apegos,2,2,2,3,4,3,4,3,2,2,3,4,3,4,4,3,2,2,4,3,4,3,4,2,2,1,3,4,2,3,2,2,3,2,1,4,2,2,2,3,4,4,3,2,2,3,2,1,4,3,4,2,2,2,3,4,4,3,2,2,3,2,1,4,3,4,3,2,1,4,3,2,2,3,4,2,2,2,3,2,4,26,24,28,26,27,25,26,18,22,222,72,67,78,72,75,69,72,50,61,7,7,8,7,8,7,7,5,6
176,B,42,Zapopan,Jalisco,8,4,1,0,0,4,0,0,0,0,No tengo motivo para separarme ni divorciarme,1,0,0,0,0,No,1,1,1,1,1,1,1,1,3,1,1,1,1,1,1,1,1,1,1,1,1,1,1,1,1,1,1,1,1,1,1,2,1,1,1,1,1,1,1,1,1,1,1,1,1,1,1,1,1,1,1,2,1,1,1,1,1,1,1,1,1,1,1,1,1,1,1,1,1,1,1,1,1,2,1,1,1,1,1,1,1,9,10,9,9,10,9,10,9,11,86,25,28,25,25,28,25,28,25,31,3,3,3,3,3,3,3,3,3
177,B,42,Zapopan,Coahuila,8,5,1,10,1,4,0,0,0,0,No tengo motivo para separarme ni divorciarme,1,0,0,1,1,No,2,1,3,2,2,1,2,1,1,2,2,1,2,2,2,2,1,2,2,1,2,1,1,2,2,1,2,2,1,1,1,1,1,1,1,1,1,1,2,1,1,1,2,1,1,1,1,1,1,1,1,1,1,1,1,2,1,1,1,1,1,1,2,1,1,1,1,1,1,1,1,1,1,2,2,1,2,1,1,1,1,13,12,14,11,12,11,13,9,12,107,36,33,39,31,33,31,36,25,33,4,3,4,3,3,3,4,3,3
178,B,34,Guadalajara ,Jalisco,8,1,1,3,1,2,1,1,0,0,No tengo motivo para separarme ni divorciarme,1,0,0,0,0,Si,2,2,2,1,1,1,2,1,1,2,1,1,1,1,2,1,2,1,2,2,2,2,2,2,1,2,2,3,1,1,2,1,1,2,1,2,1,3,1,2,1,1,1,1,2,1,2,2,1,1,2,1,1,3,1,3,1,1,1,1,1,1,2,3,2,2,1,2,1,1,1,2,2,2,2,2,1,2,2,1,2,17,18,14,13,11,13,12,11,17,126,47,50,39,36,31,36,33,31,47,5,5,4,4,3,4,3,3,5
179,B,30,Guadalajara ,Jalisco,10,2,1,5,1,2,0,0,0,0,No tengo motivo para separarme ni divorciarme,0,0,0,0,3,No,1,1,1,1,2,1,1,1,1,1,1,2,1,1,1,1,1,1,1,1,1,2,1,1,1,1,1,1,1,1,1,1,1,1,1,1,1,1,1,1,1,1,1,1,1,1,1,1,1,1,1,1,1,1,1,1,1,1,1,1,1,1,1,1,1,1,1,1,1,1,1,1,1,1,1,1,1,1,1,1,1,9,9,10,10,10,9,9,9,9,84,25,25,28,28,28,25,25,25,25,3,3,3,3,3,3,3,3,3
180,A,60,Guadalajara,Jalisco,7,1,1,10,1,2,0,0,0,0,No tengo motivo para separarme ni divorciarme,0,1,2,1,1,No,2,2,4,1,2,4,3,2,3,2,3,1,1,3,3,3,3,1,3,1,1,1,1,3,1,3,1,4,3,4,1,1,3,2,3,3,3,3,3,1,3,1,3,3,1,3,3,2,4,3,1,3,3,3,3,3,1,2,3,3,4,3,2,3,4,2,3,3,1,1,1,2,3,3,1,1,1,3,1,3,3,26,25,19,15,20,22,21,24,19,191,72,69,53,42,56,61,58,67,53,7,7,5,4,6,6,6,7,5
181,A ,46,Tlajomulco ,Jalisco,7,1,1,10,1,3,1,1,0,0,No tengo motivo para separarme ni divorciarme,1,0,0,0,0,No,3,3,1,3,2,1,1,1,1,2,1,1,2,2,2,1,1,1,1,1,1,1,1,1,1,2,1,3,1,1,2,1,1,1,1,1,4,3,3,2,1,1,2,1,1,4,1,1,1,2,1,1,1,1,2,1,3,1,1,1,2,1,2,3,3,3,1,1,1,1,1,4,3,1,3,1,3,1,1,3,1,25,15,17,14,14,10,11,12,13,131,69,42,47,39,39,28,31,33,36,7,4,5,4,4,3,3,3,4
182,B,25,Zapopan,Jalisco,8,4,1,2,1,0,0,0,0,0,No tengo motivo para separarme ni divorciarme,1,0,0,0,0,Terapia psicológica de esposa,1,2,1,3,1,1,2,1,1,1,2,1,2,1,1,2,1,1,4,1,1,2,1,2,1,1,2,1,1,1,2,1,1,1,1,1,1,1,1,2,1,1,1,1,1,1,1,1,1,1,1,2,2,1,1,1,1,1,1,1,1,1,1,1,1,1,1,1,1,1,1,1,1,1,1,1,1,1,1,1,1,12,11,9,15,9,10,12,10,10,98,33,31,25,42,25,28,33,28,28,3,3,3,4,3,3,3,3,3
183,B,52,Guadalajara ,Jalisco,10,4,1,10,1,3,0,0,0,0,No tengo motivo para separarme ni divorciarme,1,0,0,0,0,No,2,1,1,1,2,1,1,2,1,1,2,1,2,2,2,1,2,1,1,1,2,2,2,2,1,1,2,2,2,1,3,2,1,2,1,1,1,2,2,2,1,1,1,1,1,1,2,2,1,2,1,1,1,1,1,1,1,1,1,1,1,1,1,1,1,2,1,1,1,1,1,2,1,2,3,1,2,1,1,1,1,11,14,15,14,15,11,10,11,11,112,31,39,42,39,42,31,28,31,31,3,4,4,4,4,3,3,3,3
184,B,34,Guadalajara ,Jalisco,8,1,1,3,1,2,1,1,1,0,No tengo motivo para separarme ni divorciarme,1,0,0,0,0,Si,2,2,2,1,1,1,2,1,1,2,1,1,1,1,2,1,2,1,2,2,2,2,2,2,1,2,2,3,1,1,2,1,1,2,1,2,1,3,1,2,1,1,1,1,2,1,2,2,1,1,2,1,1,3,1,3,1,1,1,1,1,1,2,3,2,2,1,2,1,1,1,2,2,2,2,2,1,2,2,1,2,17,18,14,13,11,13,12,11,17,126,47,50,39,36,31,36,33,31,47,5,5,4,4,3,4,3,3,5
185,B,37,Guadalajara,Jalisco,6,3,1,7,1,2,1,1,1,1,Me fue infiel con mi prima,0,1,6,0,0,Infidelidad: no puedo y menos con quién. Tocó a mi familia,3,2,4,4,3,2,2,3,1,3,1,4,1,3,2,3,3,2,4,1,4,1,2,3,2,4,2,3,2,3,3,3,1,3,2,2,3,2,4,4,3,2,3,3,1,1,3,2,4,1,2,3,2,2,4,3,2,3,3,3,1,3,2,4,1,4,1,3,2,2,3,2,3,1,2,3,2,4,4,3,3,28,16,29,24,23,21,23,26,17,207,78,44,81,67,64,58,64,72,47,8,4,8,7,6,6,6,7,5
186,A,43,Guadalajara ,Jalisco,10,4,1,10,1,1,0,1,1,1,No tengo motivo para separarme ni divorciarme,1,1,7,0,0,No,2,2,1,1,3,1,3,2,4,4,2,4,1,1,1,2,2,1,4,1,4,4,4,1,1,1,1,3,1,1,1,4,3,4,1,1,1,1,4,1,1,2,2,2,4,4,2,4,1,4,1,1,4,4,1,4,1,2,4,4,1,1,4,1,4,4,2,4,1,1,1,4,1,4,1,1,1,2,4,2,4,21,21,24,14,26,16,19,16,27,184,58,58,67,39,72,44,53,44,75,6,6,7,4,7,4,5,4,8
